Ticker;Rentabilidad Anual;Riesgo;MSFT;NVDA
2020-01-03 00:00:00;-0,00972213;-0,012139035;-0,012451684;-0,016006046
2020-01-06 00:00:00;0,007968135;0,014885574;0,002584974;0,004193436
2020-01-07 00:00:00;-0,004703081;0,00209162;-0,009118127;0,012106852
2020-01-08 00:00:00;0,016086399;-0,00780864;0,015928746;0,001875565
2020-01-09 00:00:00;0,021240897;0,004799175;0,012492803;0,010982527
2020-01-10 00:00:00;0,002260514;-0,009410597;-0,004627358;0,005349459
2020-01-13 00:00:00;0,021364691;0,004322578;0,01202473;0,031352322
2020-01-14 00:00:00;-0,013503692;-0,011558212;-0,007043537;-0,018652253
2020-01-15 00:00:00;-0,004285545;-0,003969127;0,006476207;-0,006915336
2020-01-16 00:00:00;0,012526637;0,008549911;0,018323776;0,013682619
2020-01-17 00:00:00;0,011070984;-0,007039661;0,005596787;0,001405903
2020-01-21 00:00:00;-0,006776473;0,014629525;-0,003590799;-0,005375452
2020-01-22 00:00:00;0,003569215;-0,002399549;-0,004804663;0,008752084
2020-01-23 00:00:00;0,004815816;-0,001525911;0,006155476;0,010995142
2020-01-24 00:00:00;-0,002882032;-0,012172427;-0,010076982;-0,009412405
2020-01-27 00:00:00;-0,02940522;-0,017887464;-0,016722817;-0,041041188
2020-01-28 00:00:00;0,0282894;0,013624366;0,019595571;0,032348107
2020-01-29 00:00:00;0,020932249;0,002563098;0,015592769;-0,009799607
2020-01-30 00:00:00;-0,00144908;0,006824489;0,02820759;0,001099534
2020-01-31 00:00:00;-0,044338837;0,073791356;-0,014758487;-0,038159507
2020-02-03 00:00:00;-0,002745829;-0,002250169;0,024378807;0,016495288
2020-02-04 00:00:00;0,033013369;0,022687342;0,032916695;0,028294497
2020-02-05 00:00:00;0,008153863;-0,004781237;-0,001221511;0,014688476
2020-02-06 00:00:00;0,011697162;0,005078733;0,02073374;0,01391785
2020-02-07 00:00:00;-0,013592375;0,014169136;0,00141573;-0,010462227
2020-02-10 00:00:00;0,004749487;0,02627358;0,026157096;0,045232534
2020-02-11 00:00:00;-0,006033276;0,007915026;-0,022575503;0,018709308
2020-02-12 00:00:00;0,023747691;0,00427747;0,001463775;0,017357898
2020-02-13 00:00:00;-0,007121115;-0,004689817;-0,005413951;-0,006457882
2020-02-14 00:00:00;0,000246515;-0,006977166;0,008927123;0,070204774
2020-02-18 00:00:00;-0,018310761;0,009742991;0,010143084;0,023396229
2020-02-19 00:00:00;0,014482806;0,00674965;0,002999369;0,061132414
2020-02-20 00:00:00;-0,010259149;-0,007888627;-0,015271419;-0,019065839
2020-02-21 00:00:00;-0,022635035;-0,026533823;-0,031612529;-0,047392534
2020-02-24 00:00:00;-0,047500083;-0,04135555;-0,043115534;-0,070697283
2020-02-25 00:00:00;-0,033872416;-0,018190499;-0,016501721;-0,041093425
2020-02-26 00:00:00;0,01586382;0,003472315;0,01249451;0,021370055
2020-02-27 00:00:00;-0,065368303;-0,048136265;-0,070458931;-0,055665773
2020-02-28 00:00:00;-0,000585013;-0,000291847;0,024212923;0,069160733
2020-03-02 00:00:00;0,093101086;0,037266114;0,066538922;0,023549529
2020-03-03 00:00:00;-0,031759583;-0,023009811;-0,047919497;-0,038128835
2020-03-04 00:00:00;0,04638469;0,035013229;0,036715497;0,070028683
2020-03-05 00:00:00;-0,032436973;-0,026216794;-0,025095433;-0,039436042
2020-03-06 00:00:00;-0,013280245;-0,011922924;-0,028267265;-0,026528782
2020-03-09 00:00:00;-0,07909195;-0,052853832;-0,067772584;-0,077432024
2020-03-10 00:00:00;0,072021206;0,050655067;0,068384241;0,063722537
2020-03-11 00:00:00;-0,034730319;-0,037508896;-0,045302095;-0,055959983
2020-03-12 00:00:00;-0,098754657;-0,079220825;-0,094838237;-0,122367909
2020-03-13 00:00:00;0,119808508;0,064648337;0,142169252;0,113402099
2020-03-16 00:00:00;-0,128647097;-0,053697517;-0,147390544;-0,184520908
2020-03-17 00:00:00;0,043970145;0,070266132;0,082336465;0,10626287
2020-03-18 00:00:00;-0,024480038;0,012257741;-0,042095881;-0,066507079
2020-03-19 00:00:00;-0,007662002;0,027830614;0,01645278;0,050044467
2020-03-20 00:00:00;-0,063485593;-0,018522799;-0,037558534;-0,033901613
2020-03-23 00:00:00;-0,021244133;0,030735292;-0,009974705;0,033730178
2020-03-24 00:00:00;0,100325241;0,019586561;0,090895832;0,171564245
2020-03-25 00:00:00;-0,005508675;-0,027967605;-0,00957246;-0,014286894
2020-03-26 00:00:00;0,052622965;0,036933125;0,062550999;0,047309142
2020-03-27 00:00:00;-0,041402352;-0,028325389;-0,041060907;-0,017532381
2020-03-30 00:00:00;0,028538043;0,033603547;0,07034066;0,050884254
2020-03-31 00:00:00;-0,002040743;-0,007245623;-0,015727321;-0,00749262
2020-04-01 00:00:00;-0,052616812;-0,021551791;-0,035508229;-0,077883402
2020-04-02 00:00:00;0,016686427;0,005834205;0,020708655;0,051014271
2020-04-03 00:00:00;-0,01437124;-0,006378882;-0,009210408;-0,045249941
2020-04-06 00:00:00;0,087237208;0,047729225;0,074367911;0,100405834
2020-04-07 00:00:00;-0,011582173;0,007013456;-0,010770255;-0,034910495
2020-04-08 00:00:00;0,025594655;0,015609462;0,010031253;0,030575432
2020-04-09 00:00:00;0,007215768;-0,000117484;6,03453E-05;-0,014983927
2020-04-13 00:00:00;0,01962785;0,061735066;0,002240635;0,026240813
2020-04-14 00:00:00;0,050503194;0,05276945;0,049483238;0,052251321
2020-04-15 00:00:00;-0,009127215;0,010668696;-0,010477676;-0,010952714
2020-04-16 00:00:00;0,007945693;0,043554542;0,030020978;0,049351861
2020-04-17 00:00:00;-0,013568616;-0,013782136;0,008811575;-0,008075931
2020-04-20 00:00:00;-0,020756485;0,007835758;-0,019820862;-0,018028273
2020-04-21 00:00:00;-0,030910442;-0,027360331;-0,04135723;-0,061104296
2020-04-22 00:00:00;0,02880342;0,015192527;0,033964995;0,061741536
2020-04-23 00:00:00;-0,003875622;0,015214823;-0,012102543;-0,007478566
2020-04-24 00:00:00;0,028869876;0,004488511;0,018259529;0,019647323
2020-04-27 00:00:00;0,000706761;-0,014197862;-0,002864576;0,025864082
2020-04-28 00:00:00;-0,016209645;-0,026060611;-0,024360944;-0,019254106
2020-04-29 00:00:00;0,03284545;0,025336165;0,044873662;0,024368633
2020-04-30 00:00:00;0,021095799;0,042689574;0,010032308;-0,020706383
2020-05-01 00:00:00;-0,016099277;-0,075974092;-0,025891409;-0,032503055
2020-05-04 00:00:00;0,014149188;0,013101236;0,024459901;0,030094027
2020-05-05 00:00:00;0,015008816;0,000781522;0,010736161;0,008410935
2020-05-06 00:00:00;0,010317181;0,014436139;0,009846954;0,013787549
2020-05-07 00:00:00;0,010344914;0,006953695;0,005807243;0,023775198
2020-05-08 00:00:00;0,023801569;0,005068389;0,00588235;0,025027161
2020-05-11 00:00:00;0,015735516;0,012350744;0,011154324;0,032384349
2020-05-12 00:00:00;-0,011428326;-0,021606421;-0,022651693;-0,032608372
2020-05-13 00:00:00;-0,012074204;0,004654321;-0,015122707;-0,002883775
2020-05-14 00:00:00;0,006143568;0,008838926;0,00433923;0,032198076
2020-05-15 00:00:00;-0,005912179;0,008761548;0,014568598;0,057313006
2020-05-18 00:00:00;0,023561148;0,006838841;0,00955436;0,030562463
2020-05-19 00:00:00;-0,005778417;0,009508427;-0,006922223;0,006314152
2020-05-20 00:00:00;0,019448191;0,019846275;0,013870815;0,018681276
2020-05-21 00:00:00;-0,00745534;-0,02049693;-0,012011362;-0,021711087
2020-05-22 00:00:00;0,006438191;-0,004029821;0,00043593;0,02860266
2020-05-26 00:00:00;-0,006773487;-0,006163614;-0,010571406;-0,034177859
2020-05-27 00:00:00;0,004356813;-0,004736042;0,00132163;-0,022081109
2020-05-28 00:00:00;0,000440123;-0,003854152;-0,002254878;-0,004486515
2020-05-29 00:00:00;-0,000973945;0,017187951;0,010198159;0,045775791
2020-06-01 00:00:00;0,012298102;0,011738616;-0,002291737;-0,007802668
2020-06-02 00:00:00;0,00462938;0,000554396;0,011376653;0,00215787
2020-06-03 00:00:00;0,005505054;0,002422733;0,0024336;-0,00631723
2020-06-04 00:00:00;-0,008612272;-0,007182048;-0,013163542;0,000114088
2020-06-05 00:00:00;0,028480927;0,009103493;0,023398224;0,017509841
2020-06-08 00:00:00;0,005912642;0,016536459;0,006196651;-0,012892472
2020-06-09 00:00:00;0,031577699;0,030427139;0,00764495;0,027370841
2020-06-10 00:00:00;0,02572759;0,017913293;0,037091464;0,035457862
2020-06-11 00:00:00;-0,048010387;-0,0338023;-0,053698228;-0,060906999
2020-06-12 00:00:00;0,008633618;-0,005058743;0,00789172;0,015489178
2020-06-15 00:00:00;0,012367208;0,010868309;0,006391831;0,027008339
2020-06-16 00:00:00;0,026502188;0,016554731;0,02450506;-0,011473081
2020-06-17 00:00:00;-0,001391534;0,009830663;0,00346117;0,018470599
2020-06-18 00:00:00;0,000398122;0,004922485;0,010708535;-0,001948768
2020-06-19 00:00:00;-0,005714874;0,007923936;-0,005959812;0,004692072
2020-06-22 00:00:00;0,026163696;0,014508287;0,027773662;0,028667707
2020-06-23 00:00:00;0,021345046;0,018641698;0,006680826;-0,008056314
2020-06-24 00:00:00;-0,017652034;-0,010855868;-0,020157293;-0,022698273
2020-06-25 00:00:00;0,013275605;0,007380066;0,012636241;0,02755643
2020-06-26 00:00:00;-0,030725842;-0,022402763;-0,020015969;-0,035300245
2020-06-29 00:00:00;0,023046583;-0,004638148;0,010747282;0,004915443
2020-06-30 00:00:00;0,008347597;0,029264486;0,025549357;0,032364016
2020-07-01 00:00:00;-0,001891486;0,043453386;0,005847305;0,003395554
2020-07-02 00:00:00;0;0,004029609;0,007621003;0,008630666
2020-07-06 00:00:00;0,026750168;0,057689552;0,021526271;0,023615566
2020-07-07 00:00:00;-0,003102748;-0,018619372;-0,011627961;0,003303184
2020-07-08 00:00:00;0,023290099;0,026995584;0,021993085;0,034872374
2020-07-09 00:00:00;0,004300195;0,032949191;0,007000634;0,028680356
2020-07-10 00:00:00;0,001749383;0,005457749;-0,00303281;-0,002830954
2020-07-13 00:00:00;-0,004613006;-0,030000019;-0,030888662;-0,04074712
2020-07-14 00:00:00;0,016548485;-0,006443299;0,006181392;0,032306399
2020-07-15 00:00:00;0,006877138;-0,024361221;-0,001488083;-0,014431285
2020-07-16 00:00:00;-0,012305151;-0,002981196;-0,019803874;-0,00904432
2020-07-17 00:00:00;-0,002020175;-0,012643753;-0,005099709;0,00658607
2020-07-20 00:00:00;0,021074077;0,0792952;0,042980885;0,030314262
2020-07-21 00:00:00;-0,013801611;-0,0183149;-0,013468816;-0,017339257
2020-07-22 00:00:00;0,002809172;-0,01222963;0,014371055;0,010674296
2020-07-23 00:00:00;-0,04551628;-0,036568799;-0,043494534;-0,029601261
2020-07-24 00:00:00;-0,002477438;0,007486874;-0,006122365;0,006392158
2020-07-27 00:00:00;0,023700256;0,015387649;0,012667707;0,022266876
2020-07-28 00:00:00;-0,016427631;-0,017962781;-0,008977227;-0,019766531
2020-07-29 00:00:00;0,019168619;0,011065474;0,010098111;0,024472199
2020-07-30 00:00:00;0,012099942;0,00604903;-0,000784111;0,014189465
2020-07-31 00:00:00;0,104688546;0,036960822;0,005443955;7,05967E-05
2020-08-03 00:00:00;0,025197928;-0,016680966;0,056241117;0,037259691
2020-08-04 00:00:00;0,006678049;0,008657119;-0,015008884;0,019754298
2020-08-05 00:00:00;0,003624692;0,021090646;-0,00164088;0,005254796
2020-08-06 00:00:00;0,034889046;0,00623086;0,016014039;0,004319252
2020-08-07 00:00:00;-0,022735456;-0,017841854;-0,017887956;-0,01199752
2020-08-10 00:00:00;0,014534656;-0,006093187;-0,019907591;-0,003080662
2020-08-11 00:00:00;-0,029739878;-0,021437993;-0,023385214;-0,028213115
2020-08-12 00:00:00;0,033234303;0,02647805;0,02856722;0,054400818
2020-08-13 00:00:00;0,017697565;-0,000385832;-0,002342686;0,00024041
2020-08-14 00:00:00;-0,000891194;-0,004112558;0,00095829;0,010574246
2020-08-17 00:00:00;-0,00261087;0,010924312;0,006606238;0,066845285
2020-08-18 00:00:00;0,008332908;0,04087467;0,005754097;-0,006180517
2020-08-19 00:00:00;0,001254543;-0,015701146;-0,006066933;-0,009971072
2020-08-20 00:00:00;0,022189665;0,011314271;0,023271301;0,000206004
2020-08-21 00:00:00;0,051532494;-0,003836435;-0,007269964;0,044683513
2020-08-24 00:00:00;0,011960192;0,006923018;0,003145153;0,002897225
2020-08-25 00:00:00;-0,008203703;0,01180055;0,01300957;0,002339055
2020-08-26 00:00:00;0,013598912;0,028495561;0,021619692;0,001803995
2020-08-27 00:00:00;-0,0119541;-0,012159152;0,024553493;-0,011332826
2020-08-28 00:00:00;-0,001619926;0,00052939;0,010283546;0,041138052
2020-08-31 00:00:00;0,033912048;0,014451219;-0,01476595;0,01724629
2020-09-01 00:00:00;0,039832551;0,013955476;0,007715354;0,03369364
2020-09-02 00:00:00;-0,020718314;0,009239471;0,019272056;0,038022028
2020-09-03 00:00:00;-0,080061016;-0,046284109;-0,061946813;-0,092775392
2020-09-04 00:00:00;0,000662014;-0,021787359;-0,014036009;-0,030194683
2020-09-08 00:00:00;-0,067295023;-0,04394436;-0,05409538;-0,056209211
2020-09-09 00:00:00;0,039886703;0,037706624;0,042583592;0,067321362
2020-09-10 00:00:00;-0,032645928;-0,028605451;-0,028018561;-0,031714499
2020-09-11 00:00:00;-0,013128826;-0,018547317;-0,006524697;-0,011960196
2020-09-14 00:00:00;0,02999984;-0,004251985;0,006763701;0,058181685
2020-09-15 00:00:00;0,001560432;0,017132004;0,016406138;0,009225285
2020-09-16 00:00:00;-0,029513379;-0,024723344;-0,017865612;-0,036679151
2020-09-17 00:00:00;-0,015963812;-0,022536668;-0,010436624;-0,004075519
2020-09-18 00:00:00;-0,031720326;-0,017887909;-0,012419132;-0,022004
2020-09-21 00:00:00;0,030325882;0,001881613;0,010728953;0,026908829
2020-09-22 00:00:00;0,015715776;0,05692336;0,024093886;0,009626712
2020-09-23 00:00:00;-0,041945906;-0,041268892;-0,032928157;-0,040671886
2020-09-24 00:00:00;0,010268634;0,006643682;0,012961802;0,018496926
2020-09-25 00:00:00;0,037516265;0,024948743;0,022786552;0,042577762
2020-09-28 00:00:00;0,023868792;0,025498116;0,007795112;0,012525353
2020-09-29 00:00:00;-0,007567942;-0,009190127;-0,010408723;0,014633806
2020-09-30 00:00:00;0,015075917;0,001224146;0,014812445;0,023042238
2020-10-01 00:00:00;0,008462092;0,023034752;0,010126964;0,006208076
2020-10-02 00:00:00;-0,03227995;-0,029882738;-0,029511428;-0,040563481
2020-10-05 00:00:00;0,030790894;0,023744043;0,020320868;0,044422056
2020-10-06 00:00:00;-0,028669492;-0,031020289;-0,021247324;0,006890205
2020-10-07 00:00:00;0,016967205;0,030881037;0,019037516;0,016561649
2020-10-08 00:00:00;-0,000955857;-0,00160844;0,003574354;-0,008969351
2020-10-09 00:00:00;0,017395788;0,030120249;0,024836222;-0,005491996
2020-10-12 00:00:00;0,063520533;0,047549907;0,025902232;0,033659674
2020-10-13 00:00:00;-0,026527326;0,000203336;0,006594654;0,001564222
2020-10-14 00:00:00;0,00074304;-0,023208081;-0,008974226;-0,010738339
2020-10-15 00:00:00;-0,003960498;-0,007450143;-0,005433556;-0,008885968
2020-10-16 00:00:00;-0,014000463;-0,019750481;0;-0,011345721
2020-10-19 00:00:00;-0,025542079;-0,020013957;-0,024765468;-0,022716544
2020-10-20 00:00:00;0,013191816;0,003055554;0,002007349;0,010946223
2020-10-21 00:00:00;-0,005446393;-0,009968887;0,000698788;-0,008849046
2020-10-22 00:00:00;-0,009583249;-0,002681286;0,000419159;-0,012107223
2020-10-23 00:00:00;-0,006133853;0,008814972;0,006235864;0,017157917
2020-10-26 00:00:00;8,71749E-05;0,000823891;-0,028442149;-0,033038374
2020-10-27 00:00:00;0,013472032;0,024723687;0,015089373;0,019442559
2020-10-28 00:00:00;-0,046312154;-0,03759507;-0,0495663;-0,057457995
2020-10-29 00:00:00;0,037050513;0,015249236;0,010065451;0,031440626
2020-10-30 00:00:00;-0,056017965;-0,054456455;-0,010990637;-0,037622827
2020-11-02 00:00:00;-0,000826947;-0,010430948;-0,000691706;0,003729979
2020-11-03 00:00:00;0,015353589;0,014621517;0,02026411;0,034874839
2020-11-04 00:00:00;0,040836861;0,063229663;0,048248912;0,05950666
2020-11-05 00:00:00;0,035493519;0,024941734;0,031886818;0,026514495
2020-11-06 00:00:00;-0,001136123;-0,003199936;0,001925595;0,028389931
2020-11-09 00:00:00;-0,019968112;-0,050622554;-0,023824603;-0,063950516
2020-11-10 00:00:00;-0,003008637;-0,034582946;-0,033792554;-0,063147849
2020-11-11 00:00:00;0,030352662;0,033729593;0,026254805;0,050744009
2020-11-12 00:00:00;-0,002343449;-0,008640935;-0,005126002;0,002887896
2020-11-13 00:00:00;0,000419508;0,005957652;0,004966426;-0,011871231
2020-11-16 00:00:00;0,008720445;0,000719045;0,003325606;0,016413389
2020-11-17 00:00:00;-0,007564375;0,001469221;-0,012751339;-0,00688132
2020-11-18 00:00:00;-0,011391383;-0,009631208;-0,013183895;0,000484466
2020-11-19 00:00:00;0,005168178;0,003722495;0,006348342;0,000856257
2020-11-20 00:00:00;-0,010957423;-0,005652814;-0,009556437;-0,026226858
2020-11-23 00:00:00;-0,029742728;-0,000325912;-0,001330895;0,003991963
2020-11-24 00:00:00;0,011594234;0,006348492;0,017847795;-0,013869684
2020-11-25 00:00:00;0,007467228;0,021490891;4,69048E-05;0,021377032
2020-11-27 00:00:00;0,004826392;0,003224444;0,006358807;0,002002329
2020-11-30 00:00:00;0,021099707;-0,008543726;-0,005389473;0,010575917
2020-12-01 00:00:00;0,030827278;0,016426593;0,009996806;-0,00085807
2020-12-02 00:00:00;0,002933439;-0,00513962;-0,003885281;0,011538445
2020-12-03 00:00:00;-0,001137484;-0,005244192;-0,005246761;-0,010671607
2020-12-04 00:00:00;-0,005612401;-0,007578328;0,000560144;0,012111811
2020-12-07 00:00:00;0,012269964;-0,001448209;-0,000326673;0,003576976
2020-12-08 00:00:00;0,005090711;0,006108348;0,008026684;-0,018869146
2020-12-09 00:00:00;-0,020903565;-0,02300385;-0,019490017;-0,031404568
2020-12-10 00:00:00;0,011988809;-0,000873096;-0,006043199;0,003209439
2020-12-11 00:00:00;-0,00673481;0,004813852;0,013015287;0,003160612
2020-12-14 00:00:00;-0,005146631;0,013011702;0,004407745;0,022707583
2020-12-15 00:00:00;0,050090394;0,002581597;-0,000326768;0,003888584
2020-12-16 00:00:00;-0,000547394;0,023961224;0,024050748;-0,008832124
2020-12-17 00:00:00;0,006963301;-0,001505747;0,000638615;0,007456985
2020-12-18 00:00:00;-0,015850714;-0,010639394;-0,003782871;-0,005190501
2020-12-21 00:00:00;0,012395358;0,001414905;0,018298998;0,004539406
2020-12-22 00:00:00;0,028464392;0,000106035;0,006065067;-0,004050383
2020-12-23 00:00:00;-0,006975726;-0,006627122;-0,013039111;-0,020258573
2020-12-24 00:00:00;0,00771208;-0,003949416;0,007827368;-0,001191352
2020-12-28 00:00:00;0,035765641;0,035071133;0,009921481;-0,007215079
2020-12-29 00:00:00;-0,013314718;0,011583625;-0,003600815;0,003352544
2020-12-30 00:00:00;-0,008526782;-0,010882061;-0,011019348;0,015645243
2020-12-31 00:00:00;-0,007702756;-0,008801371;0,003338279;-0,006903279
2021-01-04 00:00:00;-0,024719226;-0,021584741;-0,021266251;0,004481088
2021-01-05 00:00:00;0,012363674;0,010004358;0,000964735;0,022209801
2021-01-06 00:00:00;-0,033661273;-0,024896614;-0,025929279;-0,058952725
2021-01-07 00:00:00;0,034122801;0,007577128;0,028457021;0,057830129
2021-01-08 00:00:00;0,008631529;0,006495514;0,006092633;-0,00503992
2021-01-11 00:00:00;-0,023248943;-0,021519462;-0,009698431;0,025966715
2021-01-12 00:00:00;-0,00139532;0,002125797;-0,011770705;-0,010039352
2021-01-13 00:00:00;0,016226495;0,014438407;0,006560358;0,003485404
2021-01-14 00:00:00;-0,015127008;-0,012135545;-0,015346465;-0,024498053
2021-01-15 00:00:00;-0,013730592;-0,0074246;-0,001736771;-0,025813835
2021-01-19 00:00:00;0,005427122;0,005318518;0,017822923;0,01288955
2021-01-20 00:00:00;0,032855949;0,045700485;0,036499552;0,02614141
2021-01-21 00:00:00;0,036658358;0,013363422;0,002808129;0,037539963
2021-01-22 00:00:00;0,0160735;-0,004463313;0,004356244;-0,0111773
2021-01-25 00:00:00;0,027684159;0,000537635;0,015844069;-0,004320697
2021-01-26 00:00:00;0,001679076;0,009754137;0,012199074;-0,015966878
2021-01-27 00:00:00;-0,007683421;-0,028125812;0,002453393;-0,038518208
2021-01-28 00:00:00;-0,034985217;0,001559119;0,025890818;0,010315161
2021-01-29 00:00:00;-0,037420505;-0,009704655;-0,029171657;-0,004693149
2021-02-01 00:00:00;0,016519589;0,042629903;0,033152125;0,019034433
2021-02-02 00:00:00;0,006337112;0,011104215;-0,000584133;0,02415564
2021-02-03 00:00:00;-0,00777873;-0,019961566;0,014571448;-0,001936132
2021-02-04 00:00:00;0,025757852;0,005575845;-0,004073973;0,009884919
2021-02-05 00:00:00;-0,003097946;0,006349415;0,000784955;-0,005360868
2021-02-08 00:00:00;0,001096932;-0,008713781;0,001114682;0,062375813
2021-02-09 00:00:00;-0,006573808;-0,005398853;0,005361668;-0,012154457
2021-02-10 00:00:00;-0,004558342;-0,005573405;-0,003897161;0,035125161
2021-02-11 00:00:00;-0,00192038;-0,007439274;0,006877434;0,032951206
2021-02-12 00:00:00;0,001776239;0,004775969;0,002045152;-0,018982667
2021-02-16 00:00:00;-0,016104335;-0,002672619;-0,005265507;0,024663674
2021-02-17 00:00:00;-0,017643959;0,012141589;0,004359577;-0,027674052
2021-02-18 00:00:00;-0,008636323;0,005920814;-0,001678859;-0,005165732
2021-02-19 00:00:00;0,001233559;-0,023535056;-0,011567305;0,006575023
2021-02-22 00:00:00;-0,029799078;-0,02128061;-0,026808338;-0,038237416
2021-02-23 00:00:00;-0,001111208;0,00432606;-0,005287706;-0,014889538
2021-02-24 00:00:00;-0,00405203;-0,010946969;0,005487222;0,025244046
2021-02-25 00:00:00;-0,034782813;-0,032400387;-0,023704979;-0,082177995
2021-02-26 00:00:00;0,002231692;0,011700388;0,014804294;0,030584353
2021-03-01 00:00:00;0,053851258;0,017203798;0,019622889;0,009278226
2021-03-02 00:00:00;-0,020893537;-0,016404262;-0,012956944;-0,031462744
2021-03-03 00:00:00;-0,024456591;-0,028931705;-0,026980792;-0,044867083
2021-03-04 00:00:00;-0,015812034;-0,009128158;-0,003647227;-0,033932716
2021-03-05 00:00:00;0,010738604;0,007687482;0,021479117;0,007376408
2021-03-08 00:00:00;-0,041673659;-0,016167464;-0,018177852;-0,069674615
2021-03-09 00:00:00;0,040649659;0,037568374;0,02810149;0,080333331
2021-03-10 00:00:00;-0,00916673;-0,001701017;-0,005817523;-0,004153205
2021-03-11 00:00:00;0,016502873;0,01829843;0,020265211;0,042126928
2021-03-12 00:00:00;-0,007625463;-0,007740273;-0,005819814;-0,010582234
2021-03-15 00:00:00;0,024456793;-0,002527944;-0,003987086;0,026077069
2021-03-16 00:00:00;0,012742916;0,00330341;0,01235052;0,007580785
2021-03-17 00:00:00;-0,006450567;0,014188849;-0,002818603;0,003761947
2021-03-18 00:00:00;-0,033905176;-0,034358784;-0,026662255;-0,046378556
2021-03-19 00:00:00;-0,004480287;0,01551191;-0,001603508;0,00968748
2021-03-22 00:00:00;0,028335795;0,011678212;0,024484213;0,026506933
2021-03-23 00:00:00;-0,006888528;0,008560288;0,006737631;-0,008759192
2021-03-24 00:00:00;-0,019993865;-0,016073304;-0,008923139;-0,03272576
2021-03-25 00:00:00;0,004163805;-0,013219634;-0,013250904;-0,008522501
2021-03-26 00:00:00;0,005141223;0,001894112;0,017818845;0,024251709
2021-03-29 00:00:00;0,001485202;0,007765307;-0,005243455;0,008489559
2021-03-30 00:00:00;-0,012274642;-0,006645598;-0,014410963;-0,005908252
2021-03-31 00:00:00;0,018765668;0,012696006;0,016907472;0,037019032
2021-04-01 00:00:00;0,006958585;0,021628454;0,027908515;0,03472372
2021-04-05 00:00:00;0,023577398;0,020794046;0,027728719;0,012724609
2021-04-06 00:00:00;0,002462442;-0,00090189;-0,004858184;-0,009008015
2021-04-07 00:00:00;0,013390205;0,017237337;0,008230544;0,020344256
2021-04-08 00:00:00;0,0192337;0,006071243;0,013405246;0,012267013
2021-04-09 00:00:00;0,020251881;0,022095622;0,010266507;0,005797237
2021-04-12 00:00:00;-0,013232843;0,002132122;0,000234762;0,056180739
2021-04-13 00:00:00;0,024306313;0,006098748;0,010081452;0,030935459
2021-04-14 00:00:00;-0,017853477;-0,019705918;-0,011218979;-0,025670416
2021-04-15 00:00:00;0,01870795;0,01382841;0,015297833;0,056310159
2021-04-16 00:00:00;-0,002527902;0,006022342;0,004778436;-0,013927169
2021-04-19 00:00:00;0,005068499;-0,00806901;-0,00767038;-0,034611366
2021-04-20 00:00:00;-0,012830102;-0,011067567;-0,001855274;-0,01240096
2021-04-21 00:00:00;0,002930088;0,00819567;0,008983103;0,012474183
2021-04-22 00:00:00;-0,01168517;-0,015758396;-0,013086086;-0,033218087
2021-04-23 00:00:00;0,018038526;0,00962219;0,015476073;0,027945459
2021-04-26 00:00:00;0,002977938;0,02038978;0,001531875;0,01393684
2021-04-27 00:00:00;-0,002449746;0,002472918;0,001605817;-0,006218461
2021-04-28 00:00:00;-0,006027335;0,012017787;-0,028285806;-0,006826292
2021-04-29 00:00:00;-0,000748462;0,003703935;-0,008053045;0,003142023
2021-04-30 00:00:00;-0,015133178;-0,001120636;-0,001306915;-0,020571391
2021-05-03 00:00:00;0,008215204;-0,023340171;-0,001268813;-0,011509245
2021-05-04 00:00:00;-0,035385494;-0,022034541;-0,016159793;-0,032722815
2021-05-05 00:00:00;0,001955508;-0,012479433;-0,005327173;0,007473347
2021-05-06 00:00:00;0,012802528;0,010955402;0,013226807;0,004460903
2021-05-07 00:00:00;0,005327347;-0,004464058;0,010931811;0,019916745
2021-05-10 00:00:00;-0,025804491;-0,030720526;-0,020914211;-0,036895066
2021-05-11 00:00:00;-0,007410455;0,010474817;-0,003843398;0,002838997
2021-05-12 00:00:00;-0,024938337;-0,022323797;-0,029362794;-0,03828769
2021-05-13 00:00:00;0,01791982;0,003023544;0,016862015;-0,006777429
2021-05-14 00:00:00;0,019844606;0,019430851;0,021067362;0,042278509
2021-05-17 00:00:00;-0,009258596;0,014735154;-0,011968832;-0,005441047
2021-05-18 00:00:00;-0,011245557;-0,011653059;-0,008564841;-0,010571493
2021-05-19 00:00:00;-0,001281536;-0,000148515;0,002473904;0,003567484
2021-05-20 00:00:00;0,021011967;0,00491371;0,013820458;0,038870905
2021-05-21 00:00:00;-0,014766991;-0,013732854;-0,00531483;0,025953894
2021-05-24 00:00:00;0,013314218;0,013084215;0,022882068;0,041372742
2021-05-25 00:00:00;-0,001573592;0,004332851;0,003748241;0,002289884
2021-05-26 00:00:00;-0,000394064;0,001874756;-0,000913665;0,003339055
2021-05-27 00:00:00;-0,012376982;-0,010734558;-0,00866831;-0,013503049
2021-05-28 00:00:00;-0,005347959;-0,002179429;0,00148403;0,048844111
2021-06-01 00:00:00;-0,002648157;-0,001371415;-0,009131823;0,001231375
2021-06-02 00:00:00;0,006276157;0,004765963;-0,000404045;0,031587103
2021-06-03 00:00:00;-0,012154273;-0,014526941;-0,006429467;0,011413046
2021-06-04 00:00:00;0,019022351;0,006027658;0,020674715;0,035858484
2021-06-07 00:00:00;7,93954E-05;-0,002560693;0,012042015;0,002318094
2021-06-08 00:00:00;0,006671672;0,020669154;-0,004885393;-0,009194281
2021-06-09 00:00:00;0,003077139;0,005220349;0,004038196;-0,005429439
2021-06-10 00:00:00;-0,008023104;0,020876846;0,014393402;0,003845739
2021-06-11 00:00:00;0,009832641;-0,000841827;0,002526913;0,022969797
2021-06-14 00:00:00;0,024577987;0,011067127;0,007755283;0,010855295
2021-06-15 00:00:00;-0,006437669;-0,0002187;-0,005887358;-0,012778102
2021-06-16 00:00:00;0,003934093;0,009494184;-0,003792801;0,001222678
2021-06-17 00:00:00;0,012600554;0,021664644;0,013676132;0,047556771
2021-06-18 00:00:00;-0,010091851;-0,000670658;-0,005634331;-0,00099135
2021-06-21 00:00:00;0,014104162;-0,009446805;0,012334734;-0,011347481
2021-06-22 00:00:00;0,012698216;0,014904661;0,010965834;0,024935508
2021-06-23 00:00:00;-0,002090007;-0,00046219;-0,000903877;0,009027718
2021-06-24 00:00:00;-0,00216885;-0,015622946;0,00535313;0,007779388
2021-06-25 00:00:00;-0,002248895;-0,013806562;-0,006262183;-0,009086022
2021-06-28 00:00:00;0,01254639;0,012474089;0,013961553;0,050128675
2021-06-29 00:00:00;0,011500328;0,001234034;0,009972864;0,002089067
2021-06-30 00:00:00;0,004620766;-0,002314303;-0,001841987;-0,001210697
2021-07-01 00:00:00;0,002263525;-0,002090002;0,002583493;0,010473565
2021-07-02 00:00:00;0,019596553;0,022723749;0,022275715;0,013605525
2021-07-06 00:00:00;0,014718204;0,046927107;3,60769E-05;0,010323857
2021-07-07 00:00:00;0,017955286;0,005669564;0,008175527;-0,0157863
2021-07-08 00:00:00;-0,009199244;0,009422228;-0,008966887;-0,023021978
2021-07-09 00:00:00;0,013054778;-0,003234704;0,001874802;0,007411062
2021-07-12 00:00:00;-0,004203856;-0,000212348;-0,002230771;0,023054649
2021-07-13 00:00:00;0,007889303;-0,011076948;0,013197833;-0,012797069
2021-07-14 00:00:00;0,024100576;0,001174774;0,005445291;-0,020172823
2021-07-15 00:00:00;-0,00449207;-0,013711143;-0,005238744;-0,044112152
2021-07-16 00:00:00;-0,014076285;-0,015854232;-0,000996419;-0,042456994
2021-07-19 00:00:00;-0,026914362;-0,00672703;-0,013321339;0,034070178
2021-07-20 00:00:00;0,025974036;0,006648614;0,008338776;-0,008932463
2021-07-21 00:00:00;-0,005131714;0,003361111;0,007446603;0,04287581
2021-07-22 00:00:00;0,009629057;0,014735636;0,016844532;0,009479499
2021-07-23 00:00:00;0,011988761;0,005115385;0,012336716;-0,001837275
2021-07-26 00:00:00;0,002894562;0,011808636;-0,002140657;-0,013498537
2021-07-27 00:00:00;-0,014900163;-0,019846877;-0,008683419;-0,004457175
2021-07-28 00:00:00;-0,0121961;0,001083737;-0,001116534;0,015358137
2021-07-29 00:00:00;0,004552278;-0,008373941;0,000978018;0,008152762
2021-07-30 00:00:00;0,001510693;-0,075648907;-0,005549708;-0,008290235
2021-08-02 00:00:00;-0,002331146;0,001169037;-0,000315972;0,012872403
2021-08-03 00:00:00;0,012644347;0,010433749;0,0080754;0,003291156
2021-08-04 00:00:00;-0,002782052;-0,00342224;-0,002125003;0,023164252
2021-08-05 00:00:00;0,00074824;0,006340363;0,010506022;0,017904841
2021-08-06 00:00:00;-0,004767101;-0,009197335;-0,000207257;-0,013131815
2021-08-09 00:00:00;-0,00034194;-0,000917733;-0,003903657;-0,003486261
2021-08-10 00:00:00;-0,00335423;-0,006340817;-0,006554936;-0,01768916
2021-08-11 00:00:00;0,001785926;-0,008603643;0,00178035;-0,011888017
2021-08-12 00:00:00;0,020773184;0,00345981;0,009966849;0,010457337
2021-08-13 00:00:00;0,001410313;-0,002884828;0,01048953;0,014217689
2021-08-16 00:00:00;0,013547889;0,001523947;0,005975881;-0,011789053
2021-08-17 00:00:00;-0,006153776;-0,017287026;-0,005159543;-0,024662019
2021-08-18 00:00:00;-0,025501123;-0,012566487;-0,006119293;-0,021481826
2021-08-19 00:00:00;0,002323232;-0,004207819;0,020775447;0,039810816
2021-08-20 00:00:00;0,010156695;0,003827155;0,02557501;0,051419299
2021-08-23 00:00:00;0,010257089;0,020600355;0,000953112;0,054861784
2021-08-24 00:00:00;-0,000601169;0,012220319;-0,006663455;-0,007514448
2021-08-25 00:00:00;-0,00842122;-0,001996514;-0,002015666;0,01927227
2021-08-26 00:00:00;-0,005527392;0,005098257;-0,009668866;-0,006527966
2021-08-27 00:00:00;0,00718474;0,010141757;0,002106734;0,02573898
2021-08-30 00:00:00;0,03041709;0,021476999;0,012911923;0,002297
2021-08-31 00:00:00;-0,008424725;0,0143852;-0,005632503;-0,013180979
2021-09-01 00:00:00;0,004478652;0,002365409;-0,000165484;0,002501659
2021-09-02 00:00:00;0,007474834;-0,004564479;-0,00225312;-0,002005242
2021-09-03 00:00:00;0,004230589;0,004311086;-3,31981E-05;0,019958806
2021-09-07 00:00:00;0,015489188;0,008982024;-0,003188282;-0,007923491
2021-09-08 00:00:00;-0,010083631;0,004619174;0,000100339;-0,014253121
2021-09-09 00:00:00;-0,006704704;-0,011726004;-0,009859835;-0,007251765
2021-09-10 00:00:00;-0,033101936;-0,004308001;-0,005180759;0,013572553
2021-09-13 00:00:00;0,003893329;-0,00345329;0,004328495;-0,014503043
2021-09-14 00:00:00;-0,009562;-0,002073981;0,009427914;0,004062892
2021-09-15 00:00:00;0,006143444;0,007475391;0,01677863;0,004450951
2021-09-16 00:00:00;-0,001610363;0,003581905;0,001312248;-0,004431228
2021-09-17 00:00:00;-0,018347763;-0,00737332;-0,017528508;-0,01537638
2021-09-20 00:00:00;-0,021361147;-0,030841744;-0,018574608;-0,035936055
2021-09-21 00:00:00;0,003428038;-0,003605747;0,001698863;0,006299418
2021-09-22 00:00:00;0,016872181;0,010892348;0,012822412;0,032712268
2021-09-23 00:00:00;0,006719178;0,010635941;0,003281948;0,024656729
2021-09-24 00:00:00;0,000613174;0,002786873;-0,00070086;-0,017836155
2021-09-27 00:00:00;-0,010550232;-0,005756835;-0,017304149;-0,019066368
2021-09-28 00:00:00;-0,023801275;-0,026378468;-0,036203624;-0,044367507
2021-09-29 00:00:00;0,006483326;-0,004475352;0,001693157;-0,008792592
2021-09-30 00:00:00;-0,009312043;-0,004871079;-0,007323977;0,009699066
2021-10-01 00:00:00;0,008127142;-0,000541878;0,025468083;0,001255093
2021-10-04 00:00:00;-0,024605413;-0,028471678;-0,020719453;-0,048693309
2021-10-05 00:00:00;0,014158311;0,009787538;0,019956949;0,036438284
2021-10-06 00:00:00;0,006307183;0,012732017;0,015064213;0,012175506
2021-10-07 00:00:00;0,009084243;0,012391203;0,005936542;0,018115916
2021-10-08 00:00:00;-0,002721857;-0,004181805;0;-0,011577842
2021-10-11 00:00:00;-0,0006296;-0,012868603;-0,002102691;-0,006528846
2021-10-12 00:00:00;-0,009102877;0,000317275;-0,004588227;-0,00115939
2021-10-13 00:00:00;-0,004239847;0,011378601;0,011710859;0,012964949
2021-10-14 00:00:00;0,020225384;0,004743759;0,021734259;0,038540439
2021-10-15 00:00:00;0,007512933;0,033080239;0,004822354;0,005334217
2021-10-18 00:00:00;0,01180583;0,011064773;0,01012477;0,016466885
2021-10-19 00:00:00;0,015080254;-0,000751442;0,003058783;0,003060343
2021-10-20 00:00:00;0,003361063;-0,008446196;-0,002660229;-0,008389494
2021-10-21 00:00:00;0,001473838;0,005841757;0,01089778;0,026647773
2021-10-22 00:00:00;-0,005284897;-0,028954833;-0,005148966;0,001498394
2021-10-25 00:00:00;-0,000336496;-0,00455099;-0,003331632;0,019361162
2021-10-26 00:00:00;0,004574981;0,016775262;0,00642566;0,066951209
2021-10-27 00:00:00;-0,00314758;0,004863638;0,04211466;-0,010761563
2021-10-28 00:00:00;0,024991746;0,015941153;0,003651043;0,020039988
2021-10-29 00:00:00;-0,018155861;-0,021511245;0,022414172;0,025099165
2021-11-01 00:00:00;-0,005607193;-0,0161071;-0,00678478;0,010169486
2021-11-02 00:00:00;0,007115932;-0,00161541;0,011415503;0,022224696
2021-11-03 00:00:00;0,009798769;0,021507811;0,002611635;0,00746185
2021-11-04 00:00:00;-0,003498803;0,027482324;0,00730535;0,120422752
2021-11-05 00:00:00;0,003582428;0,012076429;-0,001129486;-0,00164431
2021-11-08 00:00:00;-0,005552705;-0,008527949;0,002767456;0,035359132
2021-11-09 00:00:00;0,002459343;0,025007238;-0,003086065;-0,004772184
2021-11-10 00:00:00;-0,019163134;-0,026334994;-0,015329863;-0,039077532
2021-11-11 00:00:00;-0,000337966;-0,002742599;0,004927708;0,031603216
2021-11-12 00:00:00;0,014337204;0,015162029;0,012904649;0
2021-11-15 00:00:00;6,64938E-05;0,005823804;-0,001930302;-0,012010566
2021-11-16 00:00:00;0,006666726;-0,001404486;0,010236062;0,005928304
2021-11-17 00:00:00;0,016490131;0,002344131;0,00067878;-0,031188741
2021-11-18 00:00:00;0,028535705;0,041437007;0,006339737;0,082498663
2021-11-19 00:00:00;0,016976022;-0,005273114;0,005391631;0,041357758
2021-11-22 00:00:00;0,002927817;-0,028287301;-0,009559634;-0,031196095
2021-11-23 00:00:00;0,002422014;0,002090958;-0,006326399;-0,006571403
2021-11-24 00:00:00;0,003283242;0,000103315;0,000681025;0,029231731
2021-11-26 00:00:00;-0,031677992;-0,021184702;-0,024355736;-0,035838775
2021-11-29 00:00:00;0,021873245;0,016267433;0,021080947;0,0594543
2021-11-30 00:00:00;0,031577797;-0,015302274;-0,017942293;-0,020972853
2021-12-01 00:00:00;-0,003206355;-0,018063487;-0,001542864;-0,037861029
2021-12-02 00:00:00;-0,006129839;-0,001846889;-0,001787305;0,021981864
2021-12-03 00:00:00;-0,01172436;-0,013839076;-0,019666908;-0,044605636
2021-12-06 00:00:00;0,021502807;0,011086219;0,009844966;-0,021372987
2021-12-07 00:00:00;0,035446337;0,027986504;0,026763533;0,079568526
2021-12-08 00:00:00;0,022782883;-3,68987E-05;0,00014917;-0,018533945
2021-12-09 00:00:00;-0,002970016;-0,011279644;-0,00558241;-0,041978393
2021-12-10 00:00:00;0,028013258;-0,011247565;0,0283398;-0,009576796
2021-12-13 00:00:00;-0,02067426;-0,015356076;-0,009166933;-0,06745485
2021-12-14 00:00:00;-0,00802319;-0,002807129;-0,032587016;0,00624969
2021-12-15 00:00:00;0,028509149;0,024977573;0,019218144;0,074884498
2021-12-16 00:00:00;-0,039263735;-0,025641175;-0,02913486;-0,068025826
2021-12-17 00:00:00;-0,006501992;0,006789204;-0,003385685;-0,020643308
2021-12-20 00:00:00;-0,008121925;-0,017283556;-0,012013628;-0,002949522
2021-12-21 00:00:00;0,019086969;0,01997865;0,023069176;0,048919542
2021-12-22 00:00:00;0,015318567;0,003638106;0,018056963;0,011177925
2021-12-23 00:00:00;0,003643989;0,000184136;0,004471872;0,008163198
2021-12-27 00:00:00;0,022974883;-0,008178023;0,023185744;0,044028536
2021-12-28 00:00:00;-0,00576727;0,005843719;-0,003504048;-0,020132537
2021-12-29 00:00:00;0,000502125;-0,008554922;0,002051223;-0,010586312
2021-12-30 00:00:00;-0,006578204;-0,003289007;-0,007691141;-0,013832929
2021-12-31 00:00:00;-0,003535409;-0,0114294;-0,008841065;-0,005914892
2022-01-03 00:00:00;0,025004162;0,022118321;-0,004668516;0,024140452
2022-01-04 00:00:00;-0,012691638;-0,016915587;-0,017146825;-0,027588636
2022-01-05 00:00:00;-0,026599835;-0,018893092;-0,038388139;-0,057562256
2022-01-06 00:00:00;-0,016693377;-0,006710982;-0,007901693;0,020794002
2022-01-07 00:00:00;0,000988375;-0,004287778;0,000509504;-0,033040026
2022-01-10 00:00:00;0,000116127;-0,006570176;0,000732392;0,005615533
2022-01-11 00:00:00;0,016783738;0,024002126;0,002259579;0,015219004
2022-01-12 00:00:00;0,002570281;-0,00093733;0,010444856;0,006542707
2022-01-13 00:00:00;-0,019028068;-0,024169655;-0,042322546;-0,050859135
2022-01-14 00:00:00;0,005110636;0,005731487;0,017716637;0,013810168
2022-01-18 00:00:00;-0,018894064;-0,019862739;-0,024339115;-0,038564346
2022-01-19 00:00:00;-0,021024697;-0,016477102;0,002246471;-0,032274201
2022-01-20 00:00:00;-0,010347191;-0,02963231;-0,005703175;-0,036582061
2022-01-21 00:00:00;-0,012765003;-0,059501809;-0,018468054;-0,032132511
2022-01-24 00:00:00;-0,004864267;0,013326983;0,001148515;-8,54432E-05
2022-01-25 00:00:00;-0,011384769;-0,031533746;-0,02658863;-0,044839986
2022-01-26 00:00:00;-0,000563241;-0,007954331;0,028493319;0,020067981
2022-01-27 00:00:00;-0,00294329;0,005508646;0,010549124;-0,036360466
2022-01-28 00:00:00;0,069777723;0,031084057;0,028081653;0,040831255
2022-01-31 00:00:00;0,026125719;0,03886361;0,008823584;0,072066632
2022-02-01 00:00:00;-0,000972654;0,010830763;-0,007138854;0,006207519
2022-02-02 00:00:00;0,007044214;-0,003842716;0,015222245;0,024515162
2022-02-03 00:00:00;-0,01671983;-0,078127633;-0,038952246;-0,05126388
2022-02-04 00:00:00;-0,001679308;0,135359017;0,015568703;0,015491876
2022-02-07 00:00:00;-0,004234404;0,001877735;-0,016310664;0,016818311
2022-02-08 00:00:00;0,018466733;0,022021628;0,011995419;0,015367076
2022-02-09 00:00:00;0,008293638;-0,001387734;0,021834621;0,063605072
2022-02-10 00:00:00;-0,02359886;-0,013561706;-0,028373065;-0,032990095
2022-02-11 00:00:00;-0,020218168;-0,035911107;-0,024274148;-0,072606783
2022-02-14 00:00:00;0,001423012;0,012221683;-0,000135402;0,013278196
2022-02-15 00:00:00;0,023152391;0,008658352;0,01854231;0,091811988
2022-02-16 00:00:00;-0,001389015;0,01015904;-0,001167286;0,000603748
2022-02-17 00:00:00;-0,021269015;-0,021808901;-0,029282023;-0,075591264
2022-02-18 00:00:00;-0,009356009;-0,013261958;-0,009631007;-0,035295975
2022-02-22 00:00:00;-0,017812118;-0,015753495;-0,0007293;-0,010658916
2022-02-23 00:00:00;-0,02586405;-0,035756247;-0,02589324;-0,042881669
2022-02-24 00:00:00;0,016679812;0,045095224;0,051093686;0,060794309
2022-02-25 00:00:00;0,012965964;0,01605793;0,009233188;0,017222451
2022-02-28 00:00:00;0,001637752;-0,001466263;0,004978067;0,009438092
2022-03-01 00:00:00;-0,011628099;-0,01576555;-0,012851944;-0,037235901
2022-03-02 00:00:00;0,020588341;0,006024184;0,017765765;0,031823684
2022-03-03 00:00:00;-0,001981251;-0,027319556;-0,014224528;-0,020891621
2022-03-04 00:00:00;-0,018408295;-0,015263793;-0,020478556;-0,0328078
2022-03-07 00:00:00;-0,023717551;-0,056220454;-0,037776917;-0,069061664
2022-03-08 00:00:00;-0,011676197;-0,010465447;-0,010970921;0,007587174
2022-03-09 00:00:00;0,034997479;0,0240012;0,045858102;0,069722056
2022-03-10 00:00:00;-0,027186292;0,054125156;-0,010086805;-0,0154689
2022-03-11 00:00:00;-0,02390853;-0,008806847;-0,019328175;-0,02462706
2022-03-14 00:00:00;-0,026562403;-0,025229488;-0,012960981;-0,034841533
2022-03-15 00:00:00;0,029677158;0,03886773;0,038742327;0,077027408
2022-03-16 00:00:00;0,02901559;0,038933564;0,025213359;0,066295099
2022-03-17 00:00:00;0,00645388;0,027007749;0,002819467;0,011022483
2022-03-18 00:00:00;0,020918853;0,025512151;0,017647782;0,068117464
2022-03-21 00:00:00;0,00853783;0,001494552;-0,004227203;0,010622745
2022-03-22 00:00:00;0,020800668;0,0210383;0,016379063;-0,007855066
2022-03-23 00:00:00;0,008233403;-0,008981816;-0,015029806;-0,033554704
2022-03-24 00:00:00;0,022678244;0,001477901;0,015392685;0,098150721
2022-03-25 00:00:00;0,003733696;0,006868294;-0,001381042;-0,016269814
2022-03-28 00:00:00;0,005036916;0,025592679;0,023116459;0,019030723
2022-03-29 00:00:00;0,019134314;0,001920278;0,015159068;0,015486124
2022-03-30 00:00:00;-0,006649448;-0,017801184;-0,004913918;-0,033710296
2022-03-31 00:00:00;-0,01777582;-0,019864567;-0,017683038;-0,014590007
2022-04-01 00:00:00;-0,001718238;0,003450973;0,003599984;-0,0210364
2022-04-04 00:00:00;0,023693333;0,029264485;0,017936989;0,024258672
2022-04-05 00:00:00;-0,018941861;-0,025492089;-0,012985307;-0,052229532
2022-04-06 00:00:00;-0,018450806;-0,03230012;-0,036605905;-0,058771293
2022-04-07 00:00:00;0,001804187;-0,006119432;0,006243745;-0,008153265
2022-04-08 00:00:00;-0,011909028;-0,021066741;-0,014599993;-0,044985196
2022-04-11 00:00:00;-0,025515638;-0,021613947;-0,039431633;-0,051991869
2022-04-12 00:00:00;0,011523148;-0,002213364;-0,011217787;-0,018844041
2022-04-13 00:00:00;0,01634254;0,031524457;0,019712081;0,032505645
2022-04-14 00:00:00;-0,029988175;-0,024652684;-0,027084322;-0,042561924
2022-04-18 00:00:00;-0,001330951;0,007109165;0,002465781;0,02469686
2022-04-19 00:00:00;0,014115291;0,034888831;0,017039832;0,019051279
2022-04-20 00:00:00;-0,001015546;-0,026041045;0,003715356;-0,032255249
2022-04-21 00:00:00;-0,004843986;-0,037026428;-0,019380865;-0,060469118
2022-04-22 00:00:00;-0,027820994;-0,026608938;-0,024144714;-0,033096889
2022-04-25 00:00:00;0,006737154;0,011943186;0,024413298;0,019830826
2022-04-26 00:00:00;-0,037327954;-0,045750773;-0,03740362;-0,055974326
2022-04-27 00:00:00;-0,001467038;-0,008781047;0,048108833;-0,019853196
2022-04-28 00:00:00;0,045155624;0,046534185;0,022632669;0,074233049
2022-04-29 00:00:00;-0,036604761;-0,140494378;-0,0418122;-0,062430495
2022-05-02 00:00:00;0,001966467;0,001758091;0,025043509;0,053162287
2022-05-03 00:00:00;0,009622775;-0,001979904;-0,009456189;0,003532569
2022-05-04 00:00:00;0,041008033;0,013480469;0,029100518;0,03734299
2022-05-05 00:00:00;-0,055716137;-0,075610365;-0,043554659;-0,073276526
2022-05-06 00:00:00;0,004727299;-0,01404124;-0,009446799;-0,008968207
2022-05-09 00:00:00;-0,033189142;-0,052133548;-0,036945186;-0,092369259
2022-05-10 00:00:00;0,016111807;0,000643445;0,01859547;0,038052843
2022-05-11 00:00:00;-0,051841217;-0,032032257;-0,0332097;-0,054845081
2022-05-12 00:00:00;-0,026894256;0,014790405;-0,019957558;-0,027360134
2022-05-13 00:00:00;0,031916421;0,05727556;0,02259622;0,094652099
2022-05-16 00:00:00;-0,010672424;-0,019853162;0,001455261;-0,024963167
2022-05-17 00:00:00;0,025422853;0,041133274;0,020344531;0,052884611
2022-05-18 00:00:00;-0,056418881;-0,071561966;-0,045529786;-0,06816303
2022-05-19 00:00:00;-0,024641631;0,001927853;-0,003699699;0,010981073
2022-05-20 00:00:00;0,001747348;0,00253453;-0,002291111;-0,025110831
2022-05-23 00:00:00;0,040119118;-0,000316051;0,032031941;0,012219687
2022-05-24 00:00:00;-0,019216166;-0,032141104;-0,003951629;-0,04402862
2022-05-25 00:00:00;0,001139992;0,025696475;0,011170236;0,050823301
2022-05-26 00:00:00;0,023199438;0,040294992;0,012875034;0,051605231
2022-05-27 00:00:00;0,04075711;0,036632084;0,027604092;0,053778633
2022-05-31 00:00:00;-0,00534647;0,043970104;-0,005013487;-0,007389233
2022-06-01 00:00:00;-0,000873314;0,012266043;0,00202311;-0,018851858
2022-06-02 00:00:00;0,016811371;0,031450343;0,00792871;0,06943217
2022-06-03 00:00:00;-0,038555647;-0,025185068;-0,016607088;-0,044507842
2022-06-06 00:00:00;0,005227657;0,019942807;-0,004703444;0,003525628
2022-06-07 00:00:00;0,017585766;-0,014344105;0,013953667;0,007452467
2022-06-08 00:00:00;-0,005043401;-0,014796745;-0,007669767;-0,014480381
2022-06-09 00:00:00;-0,03595552;-0,04150849;-0,02078358;-0,032175281
2022-06-10 00:00:00;-0,038629019;-0,055962117;-0,044563364;-0,059507788
2022-06-13 00:00:00;-0,038284604;-0,054537194;-0,042412831;-0,078178421
2022-06-14 00:00:00;0,006672761;-0,013118555;0,009204895;0,012078837
2022-06-15 00:00:00;0,020111284;0,052389803;0,0297355;0,043634749
2022-06-16 00:00:00;-0,039651405;-0,037243379;-0,026970128;-0,056029548
2022-06-17 00:00:00;0,011532963;0,024696098;0,010940043;0,017883484
2022-06-21 00:00:00;0,03276089;0,023159471;0,024591269;0,043199073
2022-06-22 00:00:00;-0,003827064;0,002484327;-0,002404096;-0,012435241
2022-06-23 00:00:00;0,021573555;0,032033094;0,022636572;-0,008251929
2022-06-24 00:00:00;0,024517251;0,035752371;0,034149676;0,055531634
2022-06-27 00:00:00;0;-0,027820693;-0,01049652;-0,015006138
2022-06-28 00:00:00;-0,029789591;-0,051404342;-0,031749175;-0,05258177
2022-06-29 00:00:00;0,013023877;0,014152669;0,014737794;-0,027530892
2022-06-30 00:00:00;-0,01802792;-0,024880638;-0,013179051;-0,024642931
2022-07-01 00:00:00;0,016164501;0,031541272;0,01070743;-0,041955328
2022-07-05 00:00:00;0,018930421;0,035962053;0,012597274;0,030365677
2022-07-06 00:00:00;0,009607346;0,007312791;0,012782973;0,011093225
2022-07-07 00:00:00;0,023999239;0,017493221;0,008226347;0,048116317
2022-07-08 00:00:00;0,004714837;-0,006791033;-0,002756486;-0,001261143
2022-07-11 00:00:00;-0,014757943;-0,0328025;-0,011769012;-0,043313506
2022-07-12 00:00:00;0,00683373;-0,02263981;-0,040981293;-0,004620015
2022-07-13 00:00:00;-0,002536451;0,010803885;-0,003745033;0,005436874
2022-07-14 00:00:00;0,020482611;0,002083295;0,005381435;0,013716796
2022-07-15 00:00:00;0,011449836;0,02639434;0,010390317;0,025370821
2022-07-18 00:00:00;-0,020643214;0,001849397;-0,009621231;0,021507528
2022-07-19 00:00:00;0,026721969;0,039117413;0,020766862;0,055338145
2022-07-20 00:00:00;0,013509885;0,038575396;0,010557631;0,047963593
2022-07-21 00:00:00;0,015094198;0,015150286;0,009799109;0,013646499
2022-07-22 00:00:00;-0,008110782;-0,017732481;-0,016916171;-0,040498622
2022-07-25 00:00:00;-0,007398194;-0,010455798;-0,005876321;-0,017033368
2022-07-26 00:00:00;-0,008826462;-0,052253606;-0,026774258;-0,028841533
2022-07-27 00:00:00;0,034234894;0,053653896;0,06685186;0,076029586
2022-07-28 00:00:00;0,003571563;0,010829111;0,02854052;0,010904843
2022-07-29 00:00:00;0,032793041;0,103614641;0,015665151;0,009953527
2022-08-01 00:00:00;-0,006153534;0,003260485;-0,009724271;0,015305742
2022-08-02 00:00:00;-0,009287211;-0,009084834;-0,011474389;0,004609306
2022-08-03 00:00:00;0,038247764;0,039952299;0,027836681;0,019809934
2022-08-04 00:00:00;-0,001926406;0,021860686;0,004177113;0,017043497
2022-08-05 00:00:00;-0,00138904;-0,012414983;-0,002608954;-0,011761768
2022-08-08 00:00:00;-0,002902927;-0,009872155;-0,00915478;-0,062983917
2022-08-09 00:00:00;0,000303385;-0,01133349;0,007063338;-0,039734605
2022-08-10 00:00:00;0,026194462;0,035260833;0,024300581;0,059171508
2022-08-11 00:00:00;-0,004431515;-0,01436683;-0,007400765;-0,008565154
2022-08-12 00:00:00;0,021425571;0,020691152;0,01703701;0,042748756
2022-08-15 00:00:00;0,006333459;-0,002577571;0,005344282;0,017264522
2022-08-16 00:00:00;-0,000923869;0,011174788;-0,002589903;-0,008039171
2022-08-17 00:00:00;0,00878478;-0,018510794;-0,002636067;-0,028814933
2022-08-18 00:00:00;-0,002291765;0,001407438;-0,00394721;0,023888707
2022-08-19 00:00:00;-0,015101969;-0,028601597;-0,013854147;-0,049219729
2022-08-22 00:00:00;-0,023029257;-0,036243903;-0,029355454;-0,045660894
2022-08-23 00:00:00;-0,002029087;0,003002506;-0,004716181;0,008629852
2022-08-24 00:00:00;0,001793968;0,001347163;-0,002351389;0,002386437
2022-08-25 00:00:00;0,014922619;0,026008936;0,011095106;0,04012298
2022-08-26 00:00:00;-0,037699151;-0,047567008;-0,038586889;-0,092279046
2022-08-29 00:00:00;-0,013690102;-0,007342308;-0,010668027;-0,028228937
2022-08-30 00:00:00;-0,015305602;-0,008167021;-0,008520975;-0,021074619
2022-08-31 00:00:00;-0,01063504;-0,01522566;-0,005704176;-0,024179104
2022-09-01 00:00:00;0,004706849;0,008282741;-0,004092137;-0,076652879
2022-09-02 00:00:00;-0,013610998;-0,002425266;-0,01666673;-0,020807813
2022-09-06 00:00:00;-0,008215482;-0,010979543;-0,010973905;-0,013336313
2022-09-07 00:00:00;0,009254187;0,026722664;0,019111464;0,018795086
2022-09-08 00:00:00;-0,009618017;0,002625978;0,001665877;0,02012542
2022-09-09 00:00:00;0,018839786;0,026575233;0,022977287;0,028377444
2022-09-12 00:00:00;0,038508037;0,023861278;0,008280975;0,008201654
2022-09-13 00:00:00;-0,058679379;-0,070575284;-0,054978547;-0,094725858
2022-09-14 00:00:00;0,009555254;0,013641408;0,000912869;-0,000228641
2022-09-15 00:00:00;-0,018930131;-0,017658531;-0,027119239;-0,015158417
2022-09-16 00:00:00;-0,010959924;-0,021777004;-0,002608044;0,020805976
2022-09-19 00:00:00;0,025083011;0,009147615;-0,00089895;0,013941557
2022-09-20 00:00:00;0,015665354;-0,019813903;-0,008465584;-0,015393758
2022-09-21 00:00:00;-0,020267584;-0,029871523;-0,014436033;0,006451106
2022-09-22 00:00:00;-0,006375244;-0,010376273;0,008495437;-0,05278637
2022-09-23 00:00:00;-0,015123931;-0,030091202;-0,012698078;-0,003582508
2022-09-26 00:00:00;0,002260386;0,012040805;-0,001975511;-0,02301044
2022-09-27 00:00:00;0,006566273;-0,006426382;-0,004379965;0,01512917
2022-09-28 00:00:00;-0,012651529;0,031465767;0,019711743;0,02602099
2022-09-29 00:00:00;-0,049119096;-0,027201076;-0,014809043;-0,04051518
2022-09-30 00:00:00;-0,030039397;-0,015679469;-0,019368415;-0,006628446
2022-10-03 00:00:00;0,030752526;0,025486701;0,033662522;0,030727361
2022-10-04 00:00:00;0,025623055;0,044960297;0,03381223;0,052349919
2022-10-05 00:00:00;0,002053318;-0,00115616;0,001285842;0,00318961
2022-10-06 00:00:00;-0,006625314;-0,005374071;-0,009670868;-0,005980553
2022-10-07 00:00:00;-0,03671892;-0,047714093;-0,050853034;-0,080274125
2022-10-10 00:00:00;0,002355547;-0,00776885;-0,021302952;-0,033620375
2022-10-11 00:00:00;-0,01025504;-0,01284419;-0,016750101;-0,007198103
2022-10-12 00:00:00;-0,004604896;0,006149206;0,001508253;-0,007422798
2022-10-13 00:00:00;0,033612919;-0,003277261;0,037607922;0,03999998
2022-10-14 00:00:00;-0,032239704;-0,050031079;-0,024248679;-0,061287581
2022-10-17 00:00:00;0,029122443;0,064452753;0,039245764;0,058875754
2022-10-18 00:00:00;0,009409491;0,022585462;0,00408379;0,006645597
2022-10-19 00:00:00;0,000765227;-0,011086292;-0,008469631;0,00701922
2022-10-20 00:00:00;-0,003267204;0,001564268;-0,001395524;0,011866315
2022-10-21 00:00:00;0,027059078;0,035314531;0,025280491;0,022306039
2022-10-24 00:00:00;0,014802691;0,004190412;0,021188051;0,010669022
2022-10-25 00:00:00;0,019337704;0,006509754;0,013791574;0,052543834
2022-10-26 00:00:00;-0,019627119;-0,040961815;-0,077156082;-0,027524391
2022-10-27 00:00:00;-0,030465478;-0,040636386;-0,019756259;0,021712251
2022-10-28 00:00:00;0,075552822;-0,068042497;0,040220381;0,049939324
2022-10-31 00:00:00;-0,015410563;-0,009380149;-0,015856242;-0,024360385
2022-11-01 00:00:00;-0,017542754;-0,05515425;-0,01705943;0,003408213
2022-11-02 00:00:00;-0,037304726;-0,048248767;-0,035368316;-0,02392382
2022-11-03 00:00:00;-0,042405049;-0,030612241;-0,026578854;0,015281038
2022-11-04 00:00:00;-0,001947415;0,018812993;0,033325562;0,054765062
2022-11-07 00:00:00;0,003902093;-0,004946192;0,02926957;0,010242843
2022-11-08 00:00:00;0,004175119;-0,006075284;0,004388616;0,021047411
2022-11-09 00:00:00;-0,033189773;-0,042676193;-0,019050197;-0,056567568
2022-11-10 00:00:00;0,088974404;0,121778476;0,082268027;0,143292886
2022-11-11 00:00:00;0,019268779;0,043050851;0,016997288;0,036634857
2022-11-14 00:00:00;-0,009485842;-0,022819754;-0,022499961;-0,001959915
2022-11-15 00:00:00;0,01186971;0,004569038;0,00173864;0,022767588
2022-11-16 00:00:00;-0,008331127;-0,018394983;0,00182349;-0,045361744
2022-11-17 00:00:00;0,012971135;-0,02337319;-0,000206706;-0,014644803
2022-11-18 00:00:00;0,00378194;-0,007485494;-0,001903468;-0,017095146
2022-11-21 00:00:00;-0,021680354;-0,017845765;0,003440895;-0,005970558
2022-11-22 00:00:00;0,014661306;0,008003438;0,012311485;0,047071743
2022-11-23 00:00:00;0,005926157;0,009978544;0,010406832;0,029991243
2022-11-25 00:00:00;-0,019593553;-0,007648928;-0,000363394;-0,015073815
2022-11-28 00:00:00;-0,026264217;0,005780894;-0,023152601;-0,027227638
2022-11-29 00:00:00;-0,02114836;-0,016285246;-0,00591487;-0,011878368
2022-11-30 00:00:00;0,048594008;0,044579126;0,06162356;0,082379197
2022-12-01 00:00:00;0,00189163;-0,010772746;-0,001763746;0,012527116
2022-12-02 00:00:00;-0,003371511;-0,014345578;0,00129574;-0,015114991
2022-12-05 00:00:00;-0,007982919;-0,033145599;-0,0189005;-0,015762073
2022-12-06 00:00:00;-0,025370263;-0,030326361;-0,020303923;-0,037507627
2022-12-07 00:00:00;-0,01378487;0,002379593;-0,00305957;0,008319404
2022-12-08 00:00:00;0,012132901;0,021365582;0,01239914;0,065074395
2022-12-09 00:00:00;-0,003434903;-0,01394579;-0,008003273;-0,009785241
2022-12-12 00:00:00;0,016389817;0,016387998;0,028889357;0,031409959
2022-12-13 00:00:00;0,006782323;0,021424569;0,017464863;0,030624483
2022-12-14 00:00:00;-0,015535794;-0,009838859;0,001167582;-0,022022951
2022-12-15 00:00:00;-0,046854204;-0,034177821;-0,031918264;-0,040851086
2022-12-16 00:00:00;-0,014578741;-0,006670394;-0,017348594;-0,022474984
2022-12-19 00:00:00;-0,01590966;-0,033462354;-0,017328178;-0,019129907
2022-12-20 00:00:00;-0,000528826;0,003179513;0,005614565;-0,010397409
2022-12-21 00:00:00;0,023809859;0,018546709;0,010876585;0,025862616
2022-12-22 00:00:00;-0,023773049;-0,034343619;-0,025528606;-0,070420093
2022-12-23 00:00:00;-0,002797845;0,017424503;0,002267042;-0,00867061
2022-12-27 00:00:00;-0,013878253;-0,025923743;-0,007414181;-0,071353308
2022-12-28 00:00:00;-0,030685379;-0,014691729;-0,010255076;-0,006019605
2022-12-29 00:00:00;0,028324351;0,028843811;0,027629728;0,040396137
2022-12-30 00:00:00;0,002468822;-0,002138279;-0,00493755;0,000753324
2023-01-03 00:00:00;-0,037404705;0,021666663;-0,001000734;-0,020459851
2023-01-04 00:00:00;0,01031422;-0,007923565;-0,043743044;0,030317765
2023-01-05 00:00:00;-0,010604481;-0,023725589;-0,02963779;-0,032815671
2023-01-06 00:00:00;0,03679399;0,035611152;0,011785385;0,041640407
2023-01-09 00:00:00;0,004089066;0,014869874;0,009736222;0,051753084
2023-01-10 00:00:00;0,004456036;0,028731709;0,007617125;0,017980594
2023-01-11 00:00:00;0,021112496;0,058083826;0,03023824;0,005782752
2023-01-12 00:00:00;-0,000599368;0,001892947;0,011621425;0,03187289
2023-01-13 00:00:00;0,010119173;0,029915044;0,003018822;0,023499802
2023-01-17 00:00:00;0,008756206;-0,021096613;0,004681717;0,047517548
2023-01-18 00:00:00;-0,005369804;-0,006142675;-0,018889216;-0,018359401
2023-01-19 00:00:00;0,000443922;-0,018646541;-0,016453923;-0,03521918
2023-01-20 00:00:00;0,019220363;0,038108451;0,035743632;0,064062297
2023-01-23 00:00:00;0,023500744;0,002776315;0,009824345;0,075900929
2023-01-24 00:00:00;0,010062956;-0,012305137;-0,00222608;0,003751473
2023-01-25 00:00:00;-0,004700838;0,008928578;-0,005908221;0,003010576
2023-01-26 00:00:00;0,01480368;0,020991983;0,030713606;0,024789188
2023-01-27 00:00:00;0,013683891;0,030437378;0,000645193;0,028431663
2023-01-30 00:00:00;-0,02007803;-0,016529684;-0,021961609;-0,059072145
2023-01-31 00:00:00;0,00902103;0,025658818;0,021012745;0,019570106
2023-02-01 00:00:00;0,00790095;0,019586971;0,019934609;0,071965915
2023-02-02 00:00:00;0,037062405;0,073799354;0,046884413;0,036575531
2023-02-03 00:00:00;0,02439968;-0,084314976;-0,023620794;-0,028052981
2023-02-06 00:00:00;-0,017928895;-0,011703251;-0,006115697;-0,0005215
2023-02-07 00:00:00;0,019244875;-0,000685063;0,042022076;0,051401383
2023-02-08 00:00:00;-0,017652725;-0,020174298;-0,003102155;0,001443065
2023-02-09 00:00:00;-0,006911595;-0,018091006;-0,011659545;0,005944602
2023-02-10 00:00:00;0,002456182;-0,006412839;-0,001972631;-0,047992016
2023-02-13 00:00:00;0,018806756;0,019772567;0,031242803;0,024594262
2023-02-14 00:00:00;-0,004224851;0,001607354;0,003132969;0,054296221
2023-02-15 00:00:00;0,013903433;0,014644;-0,00799299;-0,009011592
2023-02-16 00:00:00;-0,01042942;-0,029754864;-0,0266224;-0,033473882
2023-02-17 00:00:00;-0,007546661;-0,009679109;-0,015602024;-0,027906339
2023-02-21 00:00:00;-0,026679724;-0,026954683;-0,02088647;-0,034271728
2023-02-22 00:00:00;0,002895962;0,012793392;-0,004591057;0,004793232
2023-02-23 00:00:00;0,003290482;0,000313172;0,012961664;0,140213835
2023-02-24 00:00:00;-0,018005108;-0,024212061;-0,021784205;-0,015973633
2023-02-27 00:00:00;0,008247434;0,002780772;0,003771665;0,009233007
2023-02-28 00:00:00;-0,003447941;0,005012812;-0,002958149;-0,012127178
2023-03-01 00:00:00;-0,014246045;-0,021861457;-0,012629313;-0,022312288
2023-03-02 00:00:00;0,004129274;-0,000433991;0,019653254;0,027138875
2023-03-03 00:00:00;0,035089994;0,030066258;0,016646169;0,024706225
2023-03-06 00:00:00;0,018539481;-0,012118035;0,006188929;-0,014064378
2023-03-07 00:00:00;-0,014496553;-0,002133301;-0,010588969;-0,011125268
2023-03-08 00:00:00;0,008377345;0,003955052;-0,001770627;0,038345922
2023-03-09 00:00:00;-0,01491456;-0,017781071;-0,005439403;-0,030809227
2023-03-10 00:00:00;-0,013878846;-0,016476928;-0,014782871;-0,020097347
2023-03-13 00:00:00;0,013265877;0,018736877;0,021440894;4,35591E-05
2023-03-14 00:00:00;0,014089373;0,026506512;0,027055947;0,047766241
2023-03-15 00:00:00;0,002621275;0,013912307;0,017830431;0,00685692
2023-03-16 00:00:00;0,018694306;0,039916882;0,040536392;0,054193555
2023-03-17 00:00:00;-0,005454104;-0,010895681;0,011694349;0,007204128
2023-03-20 00:00:00;0,01548381;-0,01253156;-0,025766797;0,006802702
2023-03-21 00:00:00;0,011944145;0,02967968;0,005693694;0,011544441
2023-03-22 00:00:00;-0,009103468;-0,018984233;-0,005442357;0,010267587
2023-03-23 00:00:00;0,006969452;0,000101339;0,01972175;0,027316078
2023-03-24 00:00:00;0,008305672;-0,005875816;0,010480487;-0,015152239
2023-03-27 00:00:00;-0,012293376;-0,000917113;-0,014933907;-0,009260958
2023-03-28 00:00:00;-0,003980423;-0,008159966;-0,004161065;-0,004560721
2023-03-29 00:00:00;0,019790886;0,030954362;0,019184159;0,021734254
2023-03-30 00:00:00;0,009889744;0,017456359;0,012619613;0,014786406
2023-03-31 00:00:00;0,015644411;0,012647068;0,014962241;0,014388507
2023-04-03 00:00:00;0,007701388;-0,008519675;-0,003711237;0,006768261
2023-04-04 00:00:00;-0,003249409;0,015037528;-0,000174181;-0,018308598
2023-04-05 00:00:00;-0,011290406;-0,027417014;-0,009889403;-0,020835645
2023-04-06 00:00:00;0,005495886;0,00949554;0,025533154;0,005803385
2023-04-10 00:00:00;-0,015972311;0,001077803;-0,007578757;0,02004662
2023-04-11 00:00:00;-0,007591281;-0,02202212;-0,022668646;-0,014866318
2023-04-12 00:00:00;-0,004353093;-0,020916697;0,002333568;-0,024807644
2023-04-13 00:00:00;0,034103584;0,046713683;0,022399286;-0,001207892
2023-04-14 00:00:00;-0,002113735;0,001074225;-0,012765684;0,011147484
2023-04-17 00:00:00;0,000120888;0,002243642;0,009296103;0,009118975
2023-04-18 00:00:00;0,007504556;-0,004282605;-0,001488863;0,024627794
2023-04-19 00:00:00;0,006968207;0,019550342;0,000277393;0,00954208
2023-04-20 00:00:00;-0,005846131;-0,004698039;-0,008112392;-0,029608835
2023-04-21 00:00:00;-0,009780952;0,030343913;-0,001223058;0,00055368
2023-04-24 00:00:00;0,001878503;-0,007011967;-0,013963023;-0,002839515
2023-04-25 00:00:00;-0,009435633;-0,03427172;-0,02253591;-0,029620644
2023-04-26 00:00:00;-6,11174E-05;0,023496185;0,072434687;0,027247558
2023-04-27 00:00:00;0,02839511;0,046103983;0,032027777;0,010016283
2023-04-28 00:00:00;0,007541338;-0,039792413;0,007971548;0,019209642
2023-05-01 00:00:00;-0,000530259;-0,032242712;-0,005532642;0,041839343
2023-05-02 00:00:00;-0,006191612;0,015482549;-0,000490993;-0,02421314
2023-05-03 00:00:00;-0,006467277;0,000193036;-0,003307115;-0,014462936
2023-05-04 00:00:00;-0,009913452;0,003376734;0,003318088;-0,008632278
2023-05-05 00:00:00;0,046926893;0,015961574;0,017157101;0,04056277
2023-05-08 00:00:00;-0,000403398;0,001608917;-0,006438163;0,016422646
2023-05-09 00:00:00;-0,009971151;0,007464811;-0,005345735;-0,019896397
2023-05-10 00:00:00;0,010421111;0,033483395;0,017296373;0,010990244
2023-05-11 00:00:00;0,001094389;0,018059695;-0,007044316;-0,01062835
2023-05-12 00:00:00;-0,005417365;-0,017115334;-0,003675866;-0,008328206
2023-05-15 00:00:00;-0,002897288;0,008525257;0,001585917;0,021630322
2023-05-16 00:00:00;0;0,019784214;0,007367476;0,008980116
2023-05-17 00:00:00;0,003603134;0,018518505;0,009451742;0,033033077
2023-05-18 00:00:00;0,013666137;0,022943736;0,014394819;0,049705123
2023-05-19 00:00:00;0,000628454;-0,016081265;-0,000565123;-0,013068932
2023-05-22 00:00:00;-0,005481079;-0,010666648;0,008921371;-0,002814767
2023-05-23 00:00:00;-0,015154728;-0,000173935;-0,01843216;-0,01565299
2023-05-24 00:00:00;0,001632047;0,015305698;-0,004472506;-0,004887926
2023-05-25 00:00:00;0,006692323;-0,014989293;0,038457886;0,243696405
2023-05-26 00:00:00;0,014104856;0,044434788;0,021385637;0,025434424
2023-05-30 00:00:00;0,010659523;0,012904863;-0,005046826;0,029913148
2023-05-31 00:00:00;-0,000281965;-0,008877214;-0,008513873;-0,05676757
2023-06-01 00:00:00;0,016022388;0,018162173;0,012758992;0,05117102
2023-06-02 00:00:00;0,004775412;0,01205509;0,008479083;-0,011139042
2023-06-05 00:00:00;-0,00757098;0,008450729;0,001610138;-0,003966712
2023-06-06 00:00:00;-0,002060442;0,010454888;-0,006727398;-0,013198678
2023-06-07 00:00:00;-0,007756296;-0,042492672;-0,030867986;-0,030401076
2023-06-08 00:00:00;0,015465135;0,024911297;0,0058137;0,027618505
2023-06-09 00:00:00;0,002159769;-0,006599595;0,004703814;0,006751572
2023-06-12 00:00:00;0,015638838;0,025439515;0,015484088;0,018364543
2023-06-13 00:00:00;-0,002611645;0,0007111;0,007352641;0,039005175
2023-06-14 00:00:00;0,00349134;-0,00189488;0,009123788;0,048145086
2023-06-15 00:00:00;0,011198638;0,005458017;0,031896612;-0,008000637
2023-06-16 00:00:00;-0,005859847;-0,012744888;-0,016575779;0,000914209
2023-06-20 00:00:00;0,000486555;0,002310948;-0,012502529;0,026140893
2023-06-21 00:00:00;-0,005675166;-0,007552846;-0,013281918;-0,01741694
2023-06-22 00:00:00;0,016525244;0,042617896;0,018437451;-0,000464649
2023-06-23 00:00:00;-0,00171143;-0,006300362;-0,013806017;-0,01896568
2023-06-26 00:00:00;-0,00755285;-0,015464316;-0,019163226;-0,037361682
2023-06-27 00:00:00;0,015059142;0,014529104;0,018168351;0,030616222
2023-06-28 00:00:00;0,006327716;-0,001083754;0,003825754;-0,018124859
2023-06-29 00:00:00;0,001796551;-0,008834407;-0,002382158;-0,007175011
2023-06-30 00:00:00;0,023102555;0,019233769;0,016385698;0,036255243
2023-07-03 00:00:00;-0,007784612;-0,001073944;-0,007488199;0,002623966
2023-07-05 00:00:00;-0,005871443;0,001228718;0,0004736;-0,002263352
2023-07-06 00:00:00;0,002508644;-0,015493206;0,009226486;-0,005056979
2023-07-07 00:00:00;-0,005891099;0,011062622;-0,011867357;0,009500264
2023-07-10 00:00:00;-0,010856129;-0,020419183;-0,015983718;-0,00759934
2023-07-11 00:00:00;-0,002809796;0,012978853;0,001928814;0,00533407
2023-07-12 00:00:00;0,00898557;0,015685699;0,014226934;0,035302622
2023-07-13 00:00:00;0,004057375;0,026758409;0,016192095;0,047264366
2023-07-14 00:00:00;0,000787196;0,002829409;0,007529483;-0,011049157
2023-07-17 00:00:00;0,017305755;-0,008315973;0,001419195;0,021817004
2023-07-18 00:00:00;-0,001340452;-0,005465676;0,03979978;0,022233932
2023-07-19 00:00:00;0,007071937;0,019046893;-0,012267493;-0,008780083
2023-07-20 00:00:00;-0,010097545;-0,039893572;-0,023121296;-0,033073523
2023-07-21 00:00:00;-0,006161603;0,000307735;-0,008937351;-0,026603656
2023-07-24 00:00:00;0,004220129;-0,009230746;0,003898029;0,006838289
2023-07-25 00:00:00;0,004513454;0,002562126;0,017009148;0,023917404
2023-07-26 00:00:00;0,004545038;-0,007589336;-0,037637485;-0,004969443
2023-07-27 00:00:00;-0,00658111;0,000780383;-0,020872225;0,009856486
2023-07-28 00:00:00;0,013508069;0,030877245;0,02313154;0,018518489
2023-07-31 00:00:00;0,003166046;0,011118568;-0,007240876;-0,00044922
2023-08-01 00:00:00;-0,004276043;-0,014886223;0,001250442;-0,004750756
2023-08-02 00:00:00;-0,015489872;-0,026425664;-0,026282873;-0,048121787
2023-08-03 00:00:00;-0,007321615;0,005459768;-0,002564991;0,005556932
2023-08-04 00:00:00;-0,048020179;0,082693378;0,003428655;0,003706618
2023-08-07 00:00:00;-0,01725361;0,018986844;0,007108268;0,016495058
2023-08-08 00:00:00;0,005311589;-0,016031492;-0,012298934;-0,016579591
2023-08-09 00:00:00;-0,008954119;-0,014934946;-0,011715858;-0,047241726
2023-08-10 00:00:00;-0,00123476;0,005150464;0,002172225;-0,003900754
2023-08-11 00:00:00;0,000337588;-0,001082519;-0,005945337;-0,036165994
2023-08-14 00:00:00;0,009393126;0,015605835;0,00943895;0,070933889
2023-08-15 00:00:00;-0,011200387;-0,020630355;-0,006727749;0,004273762
2023-08-16 00:00:00;-0,004958957;-0,018885675;-0,002428242;-0,010332149
2023-08-17 00:00:00;-0,014555199;-0,008069975;-0,010986282;-0,003265386
2023-08-18 00:00:00;0,002815964;-0,005672448;-0,00126247;-0,001038271
2023-08-21 00:00:00;0,007736724;0,010959251;0,017062775;0,08471335
2023-08-22 00:00:00;0,007905097;-0,003192699;0,001801677;-0,027657628
2023-08-23 00:00:00;0,021948883;0,009459995;0,014079292;0,031707013
2023-08-24 00:00:00;-0,026170699;-0,027154721;-0,021498105;0,000997445
2023-08-25 00:00:00;0,012643388;0,010770617;0,009406948;-0,02427731
2023-08-28 00:00:00;0,008846158;-0,000900459;0,0022292;0,017753724
2023-08-29 00:00:00;0,021810082;0,013294309;0,014550406;0,041614213
2023-08-30 00:00:00;0,019172301;0,001186003;0,001157301;0,009839304
2023-08-31 00:00:00;0,001172578;0,021766395;-0,003132726;0,001847309
2023-09-01 00:00:00;0,008463432;0,000797048;0,002745767;-0,017141304
2023-09-05 00:00:00;0,001266421;-0,006154003;0,014878487;0,000804004
2023-09-06 00:00:00;-0,03579329;-0,01391421;-0,002008554;-0,030549613
2023-09-07 00:00:00;-0,029249351;0,018395431;-0,008922066;-0,017424124
2023-09-08 00:00:00;0,003491632;0,002756544;0,013215569;-0,014467697
2023-09-11 00:00:00;0,006622751;0,035231213;0,010979189;-0,008645612
2023-09-12 00:00:00;-0,017060774;-0,013067857;-0,018257728;-0,006817567
2023-09-13 00:00:00;-0,011854708;0,025632022;0,012930725;0,013706356
2023-09-14 00:00:00;0,008782563;-0,000897514;0,00785566;0,00211065
2023-09-15 00:00:00;-0,004154077;-0,029919858;-0,025036772;-0,036879552
2023-09-18 00:00:00;0,016913237;-0,002920462;-0,003512819;0,001503555
2023-09-19 00:00:00;0,006180911;-0,016788048;-0,001246056;-0,010144329
2023-09-20 00:00:00;-0,01999213;-0,017002191;-0,023976642;-0,029434759
2023-09-21 00:00:00;-0,008889409;-0,044053454;-0,003865973;-0,028930598
2023-09-22 00:00:00;0,004944625;-0,001623805;-0,007886344;0,014457535
2023-09-25 00:00:00;0,007380355;0,016651249;0,001671721;0,014707724
2023-09-26 00:00:00;-0,02339846;-0,040298627;-0,017005718;-0,007365665
2023-09-27 00:00:00;-0,008897567;0;0,002082406;0,01328996
2023-09-28 00:00:00;0,001525691;0;0,002717518;0,014622896
2023-09-29 00:00:00;0,003046282;0,00904905;0,006727424;0,009515106
2023-10-02 00:00:00;0,014835609;0,018407834;0,019160622;0,029495044
2023-10-03 00:00:00;-0,007769586;-0,036613666;-0,026133957;-0,028248089
2023-10-04 00:00:00;0,007308432;0,018280939;0,017773133;0,012041407
2023-10-05 00:00:00;0,007198105;-0,008188984;0,001254042;0,014690886
2023-10-06 00:00:00;0,014750494;0,015878057;0,024736972;0,024033217
2023-10-09 00:00:00;0,008450934;0,002344447;0,007822565;-0,010685735
2023-10-10 00:00:00;-0,003352201;0,009511939;-0,004335504;0,011596364
2023-10-11 00:00:00;0,007904268;0,018149569;0,012271822;0,022009652
2023-10-12 00:00:00;0,005061036;0,003792763;-0,003790317;0,00296966
2023-10-13 00:00:00;-0,010292648;-0,019194502;-0,010357364;-0,031611636
2023-10-16 00:00:00;-0,000726932;0,021265197;0,014981771;0,013946345
2023-10-17 00:00:00;-0,008784689;-0,008147882;-0,001743866;-0,046794867
2023-10-18 00:00:00;-0,00739499;-0,025405007;-0,005872452;-0,039646715
2023-10-19 00:00:00;-0,00216092;0,002107149;0,003665652;-0,002251102
2023-10-20 00:00:00;-0,01470417;-0,025155731;-0,014034734;-0,016959392
2023-10-23 00:00:00;0,000694028;0,011104893;0,008112194;0,038369554
2023-10-24 00:00:00;0,00254348;0,015802782;0,003674065;0,016009125
2023-10-25 00:00:00;-0,013491761;-0,055771611;0,030678043;-0,043148563
2023-10-26 00:00:00;-0,024605362;-0,014992995;-0,037514452;-0,034778232
2023-10-27 00:00:00;0,00796933;0,068328161;0,00585577;0,004314911
2023-10-30 00:00:00;0,012305163;0,038907225;0,022740299;0,016320883
2023-10-31 00:00:00;0,002818969;0,002863308;0,002371735;-0,009256328
2023-11-01 00:00:00;0,018738552;0,029378644;0,02354275;0,037886363
2023-11-02 00:00:00;0,020693223;0,007810272;0,006501546;0,027902971
2023-11-03 00:00:00;-0,005181156;0,003838624;0,012861552;0,034454995
2023-11-06 00:00:00;0,014605028;0,008225103;0,010572715;0,016575956
2023-11-07 00:00:00;0,014450916;0,021253765;0,011219213;0,004458919
2023-11-08 00:00:00;0,005884905;-0,004414581;0,007405658;0,013469886
2023-11-09 00:00:00;-0,002624506;-0,010416636;-0,006910649;0,008072987
2023-11-10 00:00:00;0,023219942;0,02105257;0,024896753;0,029499572
2023-11-13 00:00:00;-0,008583529;-0,006756765;-0,008088354;0,00589644
2023-11-14 00:00:00;0,014285501;0,022512145;0,009790442;0,021307833
2023-11-15 00:00:00;0,00304094;-0,017832689;0,000406057;-0,015466264
2023-11-16 00:00:00;0,009042302;-0,002583765;0,017583372;0,012109248
2023-11-17 00:00:00;-0,000105501;0,016453062;-0,016801018;-0,00367811
2023-11-20 00:00:00;0,009278267;0,006543685;0,020521839;0,022536295
2023-11-21 00:00:00;-0,00423103;-0,015260459;-0,01157792;-0,00922456
2023-11-22 00:00:00;0,003514587;0,01952754;0,012812376;-0,0245877
2023-11-24 00:00:00;-0,007004313;0,000204477;-0,001111531;-0,019295264
2023-11-27 00:00:00;-0,000947563;0,00674656;0,003126384;0,009753791
2023-11-28 00:00:00;0,003214119;-0,004738354;0,010802856;-0,008726875
2023-11-29 00:00:00;-0,005409619;-0,004828888;-0,01006007;0,006670829
2023-11-30 00:00:00;0,003062752;-0,001571972;0,000158242;-0,028458713
2023-12-01 00:00:00;0,006791164;0,006434407;-0,011612071;-0,000107004
2023-12-04 00:00:00;-0,00946459;-0,014894936;-0,014338948;-0,026836325
2023-12-05 00:00:00;0,021063203;0,014084566;0,009156341;0,023293895
2023-12-06 00:00:00;-0,005686969;-0,016067542;-0,009985984;-0,022827906
2023-12-07 00:00:00;0,010139285;0,016329923;0,005829849;0,024020279
2023-12-08 00:00:00;0,00741224;0,003676425;0,00884203;0,019529549
2023-12-11 00:00:00;-0,012927193;-0,010378502;-0,007829297;-0,018502862
2023-12-12 00:00:00;0,007920172;0,010898597;0,008295105;0,022090175
2023-12-13 00:00:00;0,016691566;0,009221594;-2,65916E-05;0,009043789
2023-12-14 00:00:00;0,000757544;-0,009540434;-0,022544634;0,005448284
2023-12-15 00:00:00;-0,002725655;0,017297538;0,013117293;0,011168699
2023-12-18 00:00:00;-0,008503303;0,027338842;0,005179017;0,024279006
2023-12-19 00:00:00;0,005360104;-0,001817447;0,001636882;-0,009445578
2023-12-20 00:00:00;-0,010713749;-0,010858952;-0,007072922;-0,030098313
2023-12-21 00:00:00;-0,00077011;0,011306871;0,007878865;0,018270186
2023-12-22 00:00:00;-0,005547512;-0,002730097;0,002784156;-0,003265863
2023-12-26 00:00:00;-0,00284088;-6,51447E-05;0,000213533;0,009195108
2023-12-27 00:00:00;0,000517901;-0,000456341;-0,00157479;0,002800322
2023-12-28 00:00:00;0,002226324;0,000260914;0,003234639;0,002124829
2023-12-29 00:00:00;-0,005424146;-0,009388463;0,002025152;0
2024-01-02 00:00:00;-0,035786628;-0,01322897;-0,013748478;-0,027341451
2024-01-03 00:00:00;-0,007487491;-0,009737821;-0,00072804;-0,012435538
2024-01-04 00:00:00;-0,012700236;-0,026267892;-0,007177582;0,009018472
2024-01-05 00:00:00;-0,00401299;0,00463442;-0,000516367;0,022896847
2024-01-08 00:00:00;0,024174953;0,026576704;0,018871545;0,064280906
2024-01-09 00:00:00;-0,002263582;0,015224607;0,002935776;0,016975052
2024-01-10 00:00:00;0,005671585;0,015590941;0,018574087;0,022770008
2024-01-11 00:00:00;-0,003222557;0,009432102;0,00485949;0,008684497
2024-01-12 00:00:00;0,001778128;-0,003608697;0,009983546;-0,002043032
2024-01-16 00:00:00;-0,012317152;-0,009442449;0,004633463;0,030561142
2024-01-17 00:00:00;-0,005173585;-0,009467204;-0,002049881;-0,005835082
2024-01-18 00:00:00;0,032570642;0,011798782;0,011297465;0,018803564
2024-01-19 00:00:00;0,015533116;0,011986947;0,012186712;0,041746228
2024-01-22 00:00:00;0,01216331;-0,00360498;-0,00541779;0,002739887
2024-01-23 00:00:00;0,006653321;0,008011407;0,006027363;0,003671141
2024-01-24 00:00:00;-0,003483909;0,005447961;0,009175304;0,024869374
2024-01-25 00:00:00;-0,001696831;0,005609772;0,005738243;0,004155611
2024-01-26 00:00:00;-0,009012695;0,008684597;-0,002321744;-0,009510391
2024-01-29 00:00:00;-0,003585849;0,013448966;0,014334193;0,023496329
2024-01-30 00:00:00;-0,019245884;-0,014014601;-0,002757896;0,004946708
2024-01-31 00:00:00;-0,019357583;-0,02389939;-0,026946435;-0,019864799
2024-02-01 00:00:00;0,013340557;0,026288672;0,015594464;0,024379428
2024-02-02 00:00:00;-0,005404992;0,078666492;0,018425844;0,049709013
2024-02-05 00:00:00;0,009846523;-0,008730575;-0,013545128;0,047944326
2024-02-06 00:00:00;0,008631713;-0,006811131;-0,000394432;-0,015995604
2024-02-07 00:00:00;0,000581148;0,008158468;0,02111018;0,027498075
2024-02-08 00:00:00;-0,005754655;-0,004046223;0,000145015;-0,006533693
2024-02-09 00:00:00;0,004094037;0,027143198;0,015551504;0,035783863
2024-02-12 00:00:00;-0,009002033;-0,01209516;-0,012578917;0,001593952
2024-02-13 00:00:00;-0,011274404;-0,021469172;-0,021528488;-0,001660625
2024-02-14 00:00:00;-0,004809788;0,01387569;0,009665301;0,02456725
2024-02-15 00:00:00;-0,001574745;-0,006901349;-0,007155202;-0,016806497
2024-02-16 00:00:00;-0,008430243;-0,001707942;-0,006149133;-0,000619588
2024-02-20 00:00:00;-0,004113967;-0,014335395;-0,003143121;-0,043531897
2024-02-21 00:00:00;0,004186052;0,009037554;-0,001514531;-0,028508894
2024-02-22 00:00:00;0,011244001;0,035530017;0,023546784;0,164008799
2024-02-23 00:00:00;-0,010034123;0,002348514;-0,003182329;0,003552445
2024-02-26 00:00:00;-0,007451252;-0,001485855;-0,006823674;0,003489116
2024-02-27 00:00:00;0,008114186;-0,006810522;-0,000147135;-0,004943817
2024-02-28 00:00:00;-0,006625329;-0,002189637;0,000588933;-0,0131891
2024-02-29 00:00:00;-0,003693168;0,020789967;0,014519676;0,018657602
2024-03-01 00:00:00;-0,006030444;0,008259826;0,004496784;0,040031713
2024-03-04 00:00:00;-0,025381247;-0,003591064;-0,001395708;0,035950934
2024-03-05 00:00:00;-0,028440969;-0,019484214;-0,029572281;0,008576616
2024-03-06 00:00:00;-0,005878099;-0,003503335;-0,001390738;0,031827118
2024-03-07 00:00:00;-0,000709626;0,019076785;0,017533504;0,044746392
2024-03-08 00:00:00;0,010236657;-0,008313546;-0,007137035;-0,055477175
2024-03-11 00:00:00;0,011831635;-0,019332759;-0,004184929;-0,02003925
2024-03-12 00:00:00;0,002778593;0,019946456;0,026599482;0,071571794
2024-03-13 00:00:00;-0,012122625;0,006670837;-0,000433403;-0,011151766
2024-03-14 00:00:00;0,010927342;0,012403729;0,024379709;-0,032391655
2024-03-15 00:00:00;-0,002196589;-0,024223786;-0,020695197;-0,001216441
2024-03-18 00:00:00;0,006372408;0,000343983;0,002161233;0,007035688
2024-03-19 00:00:00;0,01358517;0,008138458;0,00980064;0,010660772
2024-03-20 00:00:00;0,014709172;0,012791359;0,009064724;0,010895002
2024-03-21 00:00:00;-0,040857474;0;0,009735905;0,011762498
2024-03-22 00:00:00;0,005310283;0,004041545;-0,001467134;0,031213474
2024-03-25 00:00:00;-0,00830037;0,004696213;-0,013714742;0,007561807
2024-03-26 00:00:00;-0,006672511;-0,007845994;-0,002861503;-0,025694013
2024-03-27 00:00:00;0,021212509;0,008581036;-0,000521713;-0,024967353
2024-03-28 00:00:00;-0,010559216;0,003058461;-0,001684735;0,001174448
2024-04-01 00:00:00;-0,008455753;0,003270852;0,009151039;7,7388E-05
2024-04-02 00:00:00;-0,006998825;-0,001547211;-0,007372157;-0,010081456
2024-04-03 00:00:00;0,004797535;0,009519072;-0,002349171;-0,00545552
2024-04-04 00:00:00;-0,004892272;-0,013212015;-0,00611239;-0,034384773
2024-04-05 00:00:00;0,004501678;0,028166707;0,018282743;0,024480716
2024-04-08 00:00:00;-0,0066635;0,000648377;-0,002185583;-0,009942337
2024-04-09 00:00:00;0,007242423;0,00259191;0,00398017;-0,020417189
2024-04-10 00:00:00;-0,011139184;0,001508045;-0,007084344;0,019741516
2024-04-11 00:00:00;0,043271014;0,016671181;0,011033364;0,041096508
2024-04-12 00:00:00;0,008626634;-0,015445639;-0,014091123;-0,026816512
2024-04-15 00:00:00;-0,021863516;-0,013485251;-0,019578171;-0,024777194
2024-04-16 00:00:00;-0,019167302;-0,001633743;0,002272528;0,016441645
2024-04-17 00:00:00;-0,008147312;-0,011128128;-0,006609026;-0,038666092
2024-04-18 00:00:00;-0,005714399;-0,011363623;-0,018380923;0,007568205
2024-04-19 00:00:00;-0,012212668;-0,02561096;-0,012739013;-0,100046007
2024-04-22 00:00:00;0,005090952;0,014888569;0,004610115;0,043543247
2024-04-23 00:00:00;0,006391677;0,013033897;0,016485495;0,036532765
2024-04-24 00:00:00;0,012702259;-0,016430863;0,003655712;-0,03331606
2024-04-25 00:00:00;0,005147311;-0,016535468;-0,024495175;0,037087308
2024-04-26 00:00:00;-0,003472904;0,034260362;0,01824385;0,061755812
2024-04-29 00:00:00;0,024807971;0,007460259;-0,010016671;0,000250672
2024-04-30 00:00:00;-0,018270809;-0,032935491;-0,032119436;-0,015440243
2024-05-01 00:00:00;-0,00604711;0,022857143;0,014409265;-0,038899865
2024-05-02 00:00:00;0,022031836;0,031955314;0,00734309;0,033429492
2024-05-03 00:00:00;0,059816449;0,008066292;0,022169664;0,034631718
2024-05-06 00:00:00;-0,009106837;0,013371946;0,016918309;0,037741204
2024-05-07 00:00:00;0,00379711;0,000317952;-0,010156271;-0,017212942
2024-05-08 00:00:00;0,001864208;-0,004026248;0,002931739;-0,001568064
2024-05-09 00:00:00;0,010014155;0,007978723;0,004335588;-0,01841563
2024-05-10 00:00:00;-0,006890113;-0,010659653;0,00586915;0,012744021
2024-05-13 00:00:00;0,017645338;-0,004853789;-0,0024593;0,005796747
2024-05-14 00:00:00;0,00617349;0,002679959;0,006864602;0,010586387
2024-05-15 00:00:00;0,012218095;-0,00577325;0,017483915;0,035837931
2024-05-16 00:00:00;0,000632448;-0,012688857;-0,004940076;-0,002863827
2024-05-17 00:00:00;0,000157931;0,005826891;-0,001852733;-0,019923957
2024-05-20 00:00:00;0,006162143;-0,006280475;0,012208264;0,024881277
2024-05-21 00:00:00;0,006857295;-0,002124874;0,008698947;0,006393848
2024-05-22 00:00:00;-0,007538493;-0,00010914;0,003449614;-0,004570968
2024-05-23 00:00:00;-0,021058054;-0,011358061;-0,008176252;0,093196504
2024-05-24 00:00:00;0,016588115;-0,001657018;0,007400487;0,025722726
2024-05-28 00:00:00;5,25778E-05;0,007745471;0,000371972;0,069804235
2024-05-29 00:00:00;0,001579197;-0,000713641;-0,002672347;0,008112361
2024-05-30 00:00:00;0,005255042;-0,014833518;-0,033786257;-0,037665971
2024-05-31 00:00:00;0,005018539;-0,0160607;0,001109386;-0,007846131
2024-06-03 00:00:00;0,009258838;0,010768498;-0,003878512;0,048954122
2024-06-04 00:00:00;0,001649197;0,005607267;0,006166756;0,012495704
2024-06-05 00:00:00;0,007820924;0,010817456;0,019083305;0,051555882
2024-06-06 00:00:00;-0,007096567;0,020520748;0,001202794;-0,011777245
2024-06-07 00:00:00;0,012392151;-0,003783767;-0,001578336;-0,000909119
2024-06-10 00:00:00;-0,019147835;0,014975553;0,009484547;0,007461372
2024-06-11 00:00:00;0,072649082;0,00090879;0,011241778;-0,0071438
2024-06-12 00:00:00;0,028578387;-0,001815929;0,019367724;0,035480749
2024-06-13 00:00:00;0,005491181;-0,016373255;0,001178857;0,035223647
2024-06-14 00:00:00;-0,008168477;-0,000924757;0,002242063;0,017514196
2024-06-17 00:00:00;0,019671525;0,002177904;0,013105217;-0,006824388
2024-06-18 00:00:00;-0,010984507;-0,006791264;-0,004527592;0,03511971
2024-06-20 00:00:00;-0,021512881;0,017996874;-0,001433743;-0,035403433
2024-06-21 00:00:00;-0,010444396;0,016012873;0,009154079;-0,032191283
2024-06-24 00:00:00;0,003132639;-0,018563542;-0,004691134;-0,066840613
2024-06-25 00:00:00;0,004468217;0,004149318;0,007326821;0,06756404
2024-06-26 00:00:00;0,019993239;0,039014728;0,0026831;0,002458759
2024-06-27 00:00:00;0,003986062;0,021899724;0,001526071;-0,019066618
2024-06-28 00:00:00;-0,016254254;-0,023249967;-0,013028538;-0,003629265
2024-07-01 00:00:00;0,029104583;0,020439829;0,021881674;0,006151933
2024-07-02 00:00:00;0,01624001;0,014198799;0,005583131;-0,013113471
2024-07-03 00:00:00;0,005811003;-0,012050018;0,003243946;0,045732355
2024-07-05 00:00:00;0,021620366;0,012196992;0,014736397;-0,01909869
2024-07-08 00:00:00;0,006538883;-0,003550034;-0,002823133;0,018834696
2024-07-09 00:00:00;0,003774712;0,000250906;-0,014370304;0,024805229
2024-07-10 00:00:00;0,018803662;0,002257434;0,014601608;0,026868671
2024-07-11 00:00:00;-0,023220887;-0,023724863;-0,024772218;-0,055666828
2024-07-12 00:00:00;0,013050976;-0,002871046;-0,002529062;0,014442804
2024-07-15 00:00:00;0,016743402;-0,009100747;0,000904048;-0,006190325
2024-07-16 00:00:00;0,001791695;0,001556678;-0,009780609;-0,016194193
2024-07-17 00:00:00;-0,02529593;-0,026370384;-0,013347641;-0,066239381
2024-07-18 00:00:00;-0,020534851;-0,022242286;-0,007102333;0,026273455
2024-07-19 00:00:00;0,000579925;-0,003374123;-0,007402948;-0,026096172
2024-07-22 00:00:00;-0,001560367;-0,003167159;0,013337776;0,047570488
2024-07-23 00:00:00;0,004688418;0,021144895;0,004312131;-0,007689793
2024-07-24 00:00:00;-0,028754316;-0,029934026;-0,035854791;-0,06803167
2024-07-25 00:00:00;-0,004804484;-0,005419431;-0,024481271;-0,017242862
2024-07-26 00:00:00;0,002160991;0,014734467;0,016419618;0,006946858
2024-07-29 00:00:00;0,001284675;0,0038356;0,003433255;-0,013002015
2024-07-30 00:00:00;0,002565913;-0,008133135;-0,008928406;-0,070436329
2024-07-31 00:00:00;0,014990788;0,029002195;-0,010805845;0,128121057
2024-08-01 00:00:00;-0,016750776;-0,0155631;-0,002964053;-0,066740667
2024-08-02 00:00:00;0,006869407;-0,087847084;-0,020666029;-0,017764071
2024-08-05 00:00:00;-0,048166955;-0,040976712;-0,032656809;-0,063577806
2024-08-06 00:00:00;-0,009748152;0,0056514;0,01128685;0,037829876
2024-08-07 00:00:00;0,012498152;0,005187499;-0,002952959;-0,051223005
2024-08-08 00:00:00;0,016633278;0,018615216;0,010692057;0,061267772
2024-08-09 00:00:00;0,013736066;0,00687575;0,008269226;-0,002095841
2024-08-12 00:00:00;0,007129852;-0,000838621;0,001945856;0,040763596
2024-08-13 00:00:00;0,017193035;0,020563505;0,017698668;0,06530913
2024-08-14 00:00:00;0,002033661;-0,000763612;0,006883904;0,016704101
2024-08-15 00:00:00;0,01353064;0,044032863;0,011823858;0,040480948
2024-08-16 00:00:00;0,005918521;-0,002984395;-0,0060804;0,013999725
2024-08-19 00:00:00;-0,000707894;0,006551472;0,007312384;0,043506248
2024-08-20 00:00:00;0,002744767;0,003703309;0,007757265;-0,021153886
2024-08-21 00:00:00;-0,000485608;0,006876094;-0,001553408;0,00982306
2024-08-22 00:00:00;-0,008259753;-0,022097583;-0,020252787;-0,037042682
2024-08-23 00:00:00;0,010288105;0,005166572;0,002984017;0,045498393
2024-08-26 00:00:00;0,001498756;-0,008698562;-0,007917866;-0,022493467
2024-08-27 00:00:00;0,003741654;-0,013561281;0,000846626;0,0145501
2024-08-28 00:00:00;-0,006753531;-0,013401064;-0,007829111;-0,020966498
2024-08-29 00:00:00;0,014570272;0,007728291;0,006137267;-0,063848488
2024-08-30 00:00:00;-0,003437974;0,037067192;0,009730833;0,015137425
2024-09-03 00:00:00;-0,027205213;-0,012605042;-0,018458928;-0,095250096
2024-09-04 00:00:00;-0,008618831;-0,016567365;-0,001318925;-0,016574087
2024-09-05 00:00:00;0,006927848;0,026308184;-0,001247267;0,009415321
2024-09-06 00:00:00;-0,007015056;-0,036539435;-0,016381396;-0,040854349
2024-09-09 00:00:00;0,000407617;0,023396899;0,010007472;0,035398217
2024-09-10 00:00:00;-0,003621335;0,023660258;0,020901242;0,015309376
2024-09-11 00:00:00;0,01158509;0,027680318;0,021342254;0,081498701
2024-09-12 00:00:00;0,000494005;0,013440254;0,009360831;0,019161683
2024-09-13 00:00:00;-0,001212146;-0,002727243;0,008407442;-0,000335816
2024-09-16 00:00:00;-0,027775077;-0,008579581;0,001741771;-0,019479398
2024-09-17 00:00:00;0,002172583;0,010763186;0,008833088;-0,010190111
2024-09-18 00:00:00;0,017989712;-0,002408028;-0,009973637;-0,019205782
2024-09-19 00:00:00;0,037065657;0,01845198;0,018291065;0,039693028
2024-09-20 00:00:00;-0,002927398;0,009111555;-0,007795905;-0,01586497
2024-09-23 00:00:00;-0,007581157;0,011899784;-0,004043418;0,002241497
2024-09-24 00:00:00;0,003974;0,000412636;-0,010011368;0,039652409
2024-09-25 00:00:00;-0,004397957;-0,007372695;0,006850412;0,021841654
2024-09-26 00:00:00;0,005080067;-0,007115749;-0,001851358;0,004291112
2024-09-27 00:00:00;0,001186637;-0,016687604;-0,007627926;-0,021283402
2024-09-30 00:00:00;0,022872077;-0,008724793;0,005326735;0,000329502
2024-10-01 00:00:00;-0,029141729;-0,00644017;-0,02233319;-0,036561391
2024-10-02 00:00:00;0,002519811;-0,001998652;-0,008462204;0,015812093
2024-10-03 00:00:00;-0,004894632;-0,01515473;-0,00141448;0,033655858
2024-10-04 00:00:00;0,005007403;0,025005428;-0,001152336;0,016849849
2024-10-07 00:00:00;-0,022530916;-0,030614936;-0,015670757;0,022414338
2024-10-08 00:00:00;0,018404051;0,010619459;0,012623997;0,040479076
2024-10-09 00:00:00;0,01669852;0,013408477;0,006630942;-0,001805959
2024-10-10 00:00:00;-0,002178391;0,007992632;-0,003880537;0,016283494
2024-10-11 00:00:00;-0,006505409;0,01162611;0,001154276;-7,41671E-05
2024-10-14 00:00:00;0,016479867;-0,006779017;0,006773637;0,024258186
2024-10-15 00:00:00;0,011024753;0,000799878;-0,000954434;-0,046860304
2024-10-16 00:00:00;-0,00885195;-0,004262364;-0,006256855;0,031306957
2024-10-17 00:00:00;0,001596348;0,003424471;0,001442005;0,008915288
2024-10-18 00:00:00;0,012276554;0,007785457;0,003455516;0,007814355
2024-10-21 00:00:00;0,006297964;0,000423312;0,001482696;0,041376787
2024-10-22 00:00:00;-0,002621721;0,003332044;0,02084626;-0,000834993
2024-10-23 00:00:00;-0,021623143;-0,026304641;-0,00680688;-0,028066086
2024-10-24 00:00:00;-0,000823354;0,009041189;0,000306208;0,006090623
2024-10-25 00:00:00;0,00364317;0,007779788;0,008052141;0,008047825
2024-10-28 00:00:00;0,008599438;0,002981406;-0,003643521;-0,007206312
2024-10-29 00:00:00;0,001156808;0,012951868;0,012564786;0,005194847
2024-10-30 00:00:00;-0,015277976;0,009956474;0,001342741;-0,013522109
2024-10-31 00:00:00;-0,018209294;-0,032843885;-0,060527581;-0,04722252
2024-11-01 00:00:00;-0,013279682;0,061856219;0,009892877;0,019885454
2024-11-04 00:00:00;-0,004037604;-0,010862396;-0,004654294;0,004800646
2024-11-05 00:00:00;0,006486287;0,019000926;0,007344552;0,028371844
2024-11-06 00:00:00;-0,003266997;0,038045094;0,021192834;0,040740572
2024-11-07 00:00:00;0,021372038;0,014293335;0,012494683;0,022457166
2024-11-08 00:00:00;-0,00118813;-0,008902691;-0,006793104;-0,008396072
2024-11-11 00:00:00;-0,012028588;-0,00643672;-0,010720973;-0,016053674
2024-11-12 00:00:00;0;0,010007771;0,012009351;0,020859007
2024-11-13 00:00:00;0,003969224;0,024843245;0,005129694;-0,013621729
2024-11-14 00:00:00;0,013770376;-0,01223732;0,003974575;0,003349979
2024-11-15 00:00:00;-0,014109245;-0,041942478;-0,027852639;-0,032570296
2024-11-18 00:00:00;0,013422343;-0,004491405;0,001831434;-0,012889212
2024-11-19 00:00:00;0,001140171;0,014427386;0,004882561;0,048947701
2024-11-20 00:00:00;0,003154064;-0,008455089;-0,00550523;-0,007618506
2024-11-21 00:00:00;-0,002096098;-0,022180599;-0,004316785;0,005346513
2024-11-22 00:00:00;0,005907584;-0,006351496;0,010003207;-0,032181055
2024-11-25 00:00:00;0,013050866;0,021966325;0,004292562;-0,041775333
2024-11-26 00:00:00;0,009404344;0,031819329;0,021968032;0,006616784
2024-11-27 00:00:00;-0,000553012;-0,010199149;-0,011682432;-0,011539826
2024-11-29 00:00:00;0,010215817;0,010450053;0,001111181;0,021501614
2024-12-02 00:00:00;0,009522471;0,013564901;0,017758434;0,002748554
2024-12-03 00:00:00;0,012771882;0,012956175;0,000510504;0,01175799
2024-12-04 00:00:00;0,001483544;0,022113948;0,014424756;0,034792428
2024-12-05 00:00:00;0,000123477;0,010955259;0,011887964;-0,000482219
2024-12-06 00:00:00;-0,000822847;0,029381073;0,002146266;-0,018061482
2024-12-09 00:00:00;0,016101138;-0,004140433;0,00552334;-0,025484545
2024-12-10 00:00:00;0,004133842;-0,004644182;-0,006031154;-0,026943266
2024-12-11 00:00:00;-0,005166172;0,023195882;0,012767049;0,03139106
2024-12-12 00:00:00;0,005963773;-0,005602334;0,001269462;-0,014141056
2024-12-13 00:00:00;0,00068557;-0,006594726;-0,005093871;-0,022498918
2024-12-16 00:00:00;0,011727659;0,024048122;0,009658654;-0,016759811
2024-12-17 00:00:00;0,009719526;-0,007641776;0,00635535;-0,012196924
2024-12-18 00:00:00;-0,021421671;-0,04598741;-0,037561059;-0,011350504
2024-12-19 00:00:00;0,007014609;0,012561169;-0,000823193;0,013730305
2024-12-20 00:00:00;0,018815884;0,007299946;-0,000983699;0,030762239
2024-12-23 00:00:00;0,00306504;0,000622441;-0,003092062;0,036896784
2024-12-24 00:00:00;0,011477955;0,01772863;0,009373777;0,003937964
2024-12-26 00:00:00;0,003175693;-0,008731718;-0,002776866;-0,002068155
2024-12-27 00:00:00;-0,01324202;-0,014534257;-0,017301699;-0,020867746
2024-12-30 00:00:00;-0,013263452;-0,010949707;-0,013239435;0,003503397
2024-12-31 00:00:00;-0,00705786;-0,008630834;-0,007838417;-0,023274256
2025-01-02 00:00:00;-0,02623598;0,003783225;-0,006927654;0,029935279
2025-01-03 00:00:00;-0,002009509;0,018027433;0,01139568;0,04453757
2025-01-06 00:00:00;0,006739069;0,015254909;0,010629484;0,034332271
2025-01-07 00:00:00;-0,011387714;-0,02416414;-0,01280827;-0,062169581
2025-01-08 00:00:00;0,002022925;9,00647E-05;0,005185057;-0,000214024
2025-01-10 00:00:00;-0,02410379;-0,01436097;-0,013213658;-0,029976335
2025-01-13 00:00:00;-0,010344108;-0,002192362;-0,004201012;-0,019718936
2025-01-14 00:00:00;-0,004778135;-0,003204304;-0,003643392;-0,011033738
2025-01-15 00:00:00;0,019675955;0,025670517;0,02559723;0,034001437
2025-01-16 00:00:00;-0,040400238;-0,012043888;-0,00405815;-0,0195979
2025-01-17 00:00:00;0,007535246;0,023928209;0,010481015;0,03099508
2025-01-21 00:00:00;-0,031915859;0,021111818;-0,001235386;0,022656267
2025-01-22 00:00:00;0,00534497;0,018638064;0,041306969;0,044308882
2025-01-23 00:00:00;-0,000759478;0,001744622;0,001142864;0,0010198
2025-01-24 00:00:00;-0,003934574;-0,002421171;-0,005932112;-0,031245769
2025-01-27 00:00:00;0,031780218;0,002427047;-0,021393545;-0,169681698
2025-01-28 00:00:00;0,036544016;0,011596278;0,029086916;0,089258621
2025-01-29 00:00:00;0,004616874;-0,004534901;-0,010890101;-0,041011003
2025-01-30 00:00:00;-0,007394764;-0,01025017;-0,061808991;0,007679956
2025-01-31 00:00:00;-0,006692219;0,012955989;0,000168614;-0,036742932
2025-02-03 00:00:00;-0,033855974;-0,001093885;-0,009974383;-0,028400029
2025-02-04 00:00:00;0,02100795;0,019543423;0,003528625;0,017058061
2025-02-05 00:00:00;-0,001417553;-0,024332808;0,002230997;0,05208599
2025-02-06 00:00:00;0,003226225;0,011263089;0,006121677;0,030842011
2025-02-07 00:00:00;-0,023968818;-0,040530954;-0,014597746;0,009014507
2025-02-10 00:00:00;0,001187391;0,0174122;0,006028061;0,02872764
2025-02-11 00:00:00;0,021831763;-0,001629943;-0,001892239;-0,005764632
2025-02-12 00:00:00;0,018270203;-0,016454726;-0,005833157;-0,012500099
2025-02-13 00:00:00;0,0196732;0,006290143;0,003667142;0,031645416
2025-02-14 00:00:00;0,012710698;-0,007336035;-0,005139581;0,02631399
2025-02-18 00:00:00;-0,000531549;-0,008877028;0,002962607;0,00396111
2025-02-19 00:00:00;0,001636279;-8,81933E-05;0,012523111;-0,00121957
2025-02-20 00:00:00;0,003920455;-0,016546794;0,005290712;0,0063205
2025-02-21 00:00:00;-0,001139021;-0,028266345;-0,019032497;-0,040539626
2025-02-24 00:00:00;0,006312367;-0,017868663;-0,010313371;-0,030870939
2025-02-25 00:00:00;-0,000242848;0,000423094;-0,015098974;-0,028016689
2025-02-26 00:00:00;-0,027040186;0,007283849;0,004599127;0,036721208
2025-02-27 00:00:00;-0,012730832;-0,02617215;-0,018012073;-0,084780649
2025-02-28 00:00:00;0,01913186;0,016958864;0,011362071;0,039700398
2025-03-03 00:00:00;-0,015754231;-0,034200087;-0,02141108;-0,086935659
2025-03-04 00:00:00;-0,008822466;-0,005950645;0,000308821;0,016920913
2025-03-05 00:00:00;-0,000805298;0,022374865;0,031934318;0,011294072
2025-03-06 00:00:00;-0,00173917;-0,036763312;-0,010298554;-0,057374216
2025-03-07 00:00:00;0,015892617;-0,007224698;-0,009020163;0,0191734
2025-03-10 00:00:00;-0,048479588;-0,023638679;-0,033434242;-0,050670048
2025-03-11 00:00:00;-0,02918939;0,010537695;0,000762825;0,016638643
2025-03-12 00:00:00;-0,017478693;0,011699492;0,007412233;0,064275976
2025-03-13 00:00:00;-0,033643706;-0,025139524;-0,011741035;-0,001382437
2025-03-14 00:00:00;0,018170636;0,020939696;0,025846786;0,052690748
2025-03-17 00:00:00;0,002388893;-0,011164392;0,000360398;-0,017588559
2025-03-18 00:00:00;-0,006121644;-0,014917738;-0,013326503;-0,034301039
2025-03-19 00:00:00;0,011989394;0,014106347;0,011211956;0,018106216
2025-03-20 00:00:00;-0,005296388;-0,003017267;-0,002527041;0,008594248
2025-03-21 00:00:00;0,019476826;0,006463246;0,011425949;-0,007002439
2025-03-24 00:00:00;0,011270431;0,035930827;0,004651658;0,031520911
2025-03-25 00:00:00;0,013681912;0,012053588;0,005291588;-0,005930343
2025-03-26 00:00:00;-0,009921841;-0,022264361;-0,013133912;-0,057419838
2025-03-27 00:00:00;0,010472666;0,001143518;0,001564164;-0,020481661
2025-03-28 00:00:00;-0,026580321;-0,042908221;-0,030160317;-0,015794711
2025-03-31 00:00:00;0,019412559;-0,012764667;-0,009002007;-0,011762627
2025-04-01 00:00:00;0,004772047;0,010038914;0,018114443;0,016331442
2025-04-02 00:00:00;0,003136336;0,019982288;-0,000130709;0,002451196
2025-04-03 00:00:00;-0,092456187;-0,089791293;-0,023630213;-0,078065539
2025-04-04 00:00:00;-0,072887392;-0,041533566;-0,035565826;-0,073575639
2025-04-07 00:00:00;-0,036734221;0,024912249;-0,005502483;0,035309012
2025-04-08 00:00:00;-0,049818177;-0,026246668;-0,009221489;-0,013723799
2025-04-09 00:00:00;0,153288526;0,119770315;0,101336763;0,187227381
2025-04-10 00:00:00;-0,042393785;-0,051700704;-0,023406355;-0,059127091
2025-04-11 00:00:00;0,040594424;0,020141231;0,018618127;0,031235464
2025-04-14 00:00:00;0,022053997;-0,014875318;-0,001647715;-0,00198323
2025-04-15 00:00:00;-0,001876298;-0,013891933;-0,005363417;0,013458567
2025-04-16 00:00:00;-0,038933377;-0,029288906;-0,036606028;-0,06871651
2025-04-17 00:00:00;0,013949571;-0,009866352;-0,010306358;-0,028711
2025-04-21 00:00:00;-0,019392778;-0,030647085;-0,023546825;-0,045127428
2025-04-22 00:00:00;0,034065074;0,035022622;0,021441431;0,020431215
2025-04-23 00:00:00;0,02433156;0,042845674;0,02063681;0,038628852
2025-04-24 00:00:00;0,018426188;0,032890293;0,03448271;0,036218406
2025-04-25 00:00:00;0,004367209;0,013133978;0,011748008;0,0430331
2025-04-28 00:00:00;0,004109347;-0,006825803;-0,001760827;-0,020538705
2025-04-29 00:00:00;0,005091847;-0,001651559;0,00736268;0,002667092
2025-04-30 00:00:00;0,006107659;-0,015849305;0,003096172;-0,000917325
2025-05-01 00:00:00;0,003858819;0,031341497;0,076253538;0,024697054
2025-05-02 00:00:00;-0,037361667;-0,001156684;0,023225214;0,025893817
2025-05-05 00:00:00;-0,031458531;-0,01910722;0,002044632;-0,005938867
2025-05-06 00:00:00;-0,001910697;-0,007190832;-0,006557043;-0,00245999
2025-05-07 00:00:00;-0,011384672;0,019998986;9,23162E-05;0,031002237
2025-05-08 00:00:00;0,006318509;0,017858063;0,011122716;0,002648296
2025-05-09 00:00:00;0,005265995;0,005102019;0,001277951;-0,006134537
2025-05-12 00:00:00;0,063146181;0,080700311;0,024001129;0,054436405
2025-05-13 00:00:00;0,010152368;0,013084719;-0,000267047;0,056341337
2025-05-14 00:00:00;-0,002817884;-0,005298742;0,008460523;0,04163778
2025-05-15 00:00:00;-0,00414458;-0,024161721;0,002256122;-0,003768233
2025-05-16 00:00:00;-0,000898439;0,002047074;0,0025158;0,004227578
2025-05-19 00:00:00;-0,011739086;0,002772544;0,010126181;0,001255483
2025-05-20 00:00:00;-0,00919629;-0,010137739;-0,00152543;-0,008777814
2025-05-21 00:00:00;-0,023059115;-0,014455883;-0,012222625;-0,019199169
2025-05-22 00:00:00;-0,003612234;0,009844924;0,005059985;0,00781485
2025-05-23 00:00:00;-0,030244329;-0,010388974;-0,010288879;-0,011593805
2025-05-27 00:00:00;0,025298341;0,025026114;0,023346243;0,032066354
2025-05-28 00:00:00;0,001048885;-0,006310082;-0,007228304;-0,005092118
2025-05-29 00:00:00;-0,00234506;0,004787005;0,002886196;0,032490164
2025-05-30 00:00:00;0,004501177;-0,003354412;0,003662549;-0,029168709
2025-06-02 00:00:00;0,004231977;0,007999607;0,003497369;0,016650602
2025-06-03 00:00:00;0,007783842;-0,004548692;0,00216462;0,02795156
2025-06-04 00:00:00;-0,002213829;0,007388989;0,001944003;0,004956871
2025-06-05 00:00:00;-0,010797699;0,003281417;0,008213457;-0,013599137
2025-06-06 00:00:00;0,016398234;0,027223335;0,005773145;0,012357853
2025-06-09 00:00:00;-0,012112498;0,015966607;0,005038561;0,006421252
2025-06-10 00:00:00;0,006055942;0,002903516;-0,003871016;0,009324789
2025-06-11 00:00:00;-0,01919364;-0,02026563;0,003610009;-0,007780572
2025-06-12 00:00:00;0,002112861;0,000187657;0,013224147;0,015192942
2025-06-13 00:00:00;-0,01380531;-0,005346086;-0,008165081;-0,020896543
2025-06-16 00:00:00;0,010028173;0,018859028;0,008800751;0,019158945
2025-06-17 00:00:00;-0,014010749;-0,005923178;-0,002295833;-0,003939529
2025-06-18 00:00:00;0,004804633;-0,010706652;0,004602168;0,009436566
2025-06-20 00:00:00;0,022484605;-0,013316402;-0,00591373;-0,011204193
2025-06-23 00:00:00;0,002487523;-0,005818118;0,018014263;0,002224536
2025-06-24 00:00:00;-0,005955378;0,020626484;0,00845671;0,025872059
2025-06-25 00:00:00;0,006290636;-0,003665925;0,004407236;0,043340314
2025-06-26 00:00:00;-0,002778318;0,024199205;0,010522732;0,004601046
2025-06-27 00:00:00;0,000397998;0,02846356;-0,003035506;0,017610676
2025-06-30 00:00:00;0,020340158;-0,017510092;0,002964052;0,001521489
2025-07-01 00:00:00;0,012916108;0,004877193;-0,010775838;-0,029685443
2025-07-02 00:00:00;0,022230858;-0,002449463;-0,001951021;0,025766351
2025-07-03 00:00:00;0,005224968;0,015869432;0,015781246;0,013290989
2025-07-07 00:00:00;-0,016857999;0,000268554;-0,002245188;-0,006903417
2025-07-08 00:00:00;0,00028581;-0,018391733;-0,002210067;0,011122326
2025-07-09 00:00:00;0,005380693;0,014496684;0,013873821;0,017999969
2025-07-10 00:00:00;0,006014979;-0,001258195;-0,004031763;0,007490211
2025-07-11 00:00:00;-0,005884752;0,012417933;0,00366918;0,004996898
2025-07-14 00:00:00;-0,01202889;0,002977505;-0,000596134;-0,005153982
2025-07-15 00:00:00;0,002348787;0,002924381;0,005566481;0,040409536
2025-07-16 00:00:00;0,005021289;-0,013960696;-0,000395479;0,003925031
2025-07-17 00:00:00;-0,000666102;0,003091547;0,01202486;0,00951159
2025-07-18 00:00:00;0,005523111;0,010050027;-0,00322456;-0,003410333
2025-07-21 00:00:00;0,006155949;0,014018477;1,96612E-05;-0,005974143
2025-07-22 00:00:00;0,009036152;-0,007980819;-0,009391116;-0,02538217
2025-07-23 00:00:00;-0,001166026;0,003604836;0,001187484;0,022450949
2025-07-24 00:00:00;-0,00182115;0,017258761;0,009903805;0,017332301
2025-07-25 00:00:00;0,000561431;-0,003401771;0,005539486;-0,001381372
2025-07-28 00:00:00;0,000794831;0,005833006;-0,002355409;0,018731934
2025-07-29 00:00:00;-0,012987609;-0,007646372;0,00013655;-0,007015547
2025-07-30 00:00:00;-0,010507952;-0,003549596;0,001307163;0,021423332
2025-07-31 00:00:00;-0,007079646;0,017029402;0,039474653;-0,007809521
2025-08-01 00:00:00;-0,025003482;-0,082696171;-0,017600675;-0,02333163
2025-08-04 00:00:00;0,004792909;-0,014435418;0,021999131;0,036150154
2025-08-05 00:00:00;-0,002114571;0,00992207;-0,014730112;-0,009666693
2025-08-06 00:00:00;0,050906703;0,040046772;-0,005324466;0,006507338
2025-08-07 00:00:00;0,031793722;0,003688576;-0,007810289;0,007524254
2025-08-08 00:00:00;0,042357932;-0,001971956;0,002303852;0,010676511
2025-08-11 00:00:00;-0,008337425;-0,006241858;-0,000517246;-0,003503005
2025-08-12 00:00:00;0,010872351;0,00076818;0,014316696;0,006041996
2025-08-13 00:00:00;0,016024445;0,013952212;-0,016362959;-0,008571789
2025-08-14 00:00:00;-0,002357169;0,028589233;0,003649666;0,002367989
2025-08-15 00:00:00;-0,0051122;0,000216482;-0,004421324;-0,008625391
2025-08-18 00:00:00;-0,003022598;0,001991112;-0,005901764;0,00864504
2025-08-19 00:00:00;-0,001429195;-0,015033094;-0,01417532;-0,034998082
2025-08-20 00:00:00;-0,019734588;-0,018420232;-0,007944653;-0,001366429
2025-08-21 00:00:00;-0,004911305;-0,008310623;-0,001287521;-0,002394566
2025-08-22 00:00:00;0,012716819;0,031043025;0,005929855;0,017202091
2025-08-25 00:00:00;-0,002634307;-0,003932852;-0,005855363;0,010225233
2025-08-26 00:00:00;0,009464634;0,003378101;-0,004402482;0,010900377
2025-08-27 00:00:00;0,005145918;0,001792612;0,009361781;-0,000935225
2025-08-28 00:00:00;0,008980879;0,010824071;0,005722907;-0,007874457
2025-08-29 00:00:00;-0,00180602;-0,011226278;-0,005788445;-0,033246429
2025-09-02 00:00:00;-0,010424698;-0,015982549;-0,003098603;-0,019520005
2025-09-03 00:00:00;0,038089829;0,002884571;0,000455385;-0,000936787
2025-09-04 00:00:00;0,005493356;0,042877946;0,005184534;0,006095406
2025-09-05 00:00:00;-0,000375433;-0,01421415;-0,025532987;-0,027030129
2025-09-08 00:00:00;-0,007551388;0,015107797;0,006464603;0,007723498
2025-09-09 00:00:00;-0,014839387;0,01017643;0,000421519;0,014556426
2025-09-10 00:00:00;-0,032259478;-0,033201828;0,0039325;0,038475147
2025-09-11 00:00:00;0,014286371;-0,001649828;0,001279082;-0,000845901
2025-09-12 00:00:00;0,017563026;-0,007827802;0,017744143;0,00366873
2025-09-15 00:00:00;0,011235795;0,014376502;0,010707963;-0,000393655
2025-09-16 00:00:00;0,006125955;0,011320963;-0,012263246;-0,016146215
2025-09-17 00:00:00;0,003527257;-0,010382431;0,00192516;-0,026246636
2025-09-18 00:00:00;-0,004644626;-0,00168379;-0,003078251;0,034940451
2025-09-19 00:00:00;0,032032991;0,001081175;0,01864486;0,002439735
2025-09-22 00:00:00;0,043095673;-0,016632067;-0,006718996;0,039282375
2025-09-23 00:00:00;-0,006443279;-0,030400202;-0,010146729;-0,028212036
2025-09-24 00:00:00;-0,008332329;-0,002265416;0,001806538;-0,008182476
2025-09-25 00:00:00;0,018072939;-0,009354765;-0,006115803;0,004068595
2025-09-26 00:00:00;-0,005489094;0,007471946;0,008737054;0,002813855
2025-09-29 00:00:00;-0,004031963;0,010874508;0,006139289;0,020539922
2025-09-30 00:00:00;0,000786118;-0,011702709;0,006510033;0,026010342
2025-10-01 00:00:00;0,003220304;0,004827606;0,003397968;0,003537438
2025-10-02 00:00:00;0,006576637;0,0080678;-0,007638978;0,008812176
2025-10-03 00:00:00;0,003461255;-0,013039023;0,003121701;-0,006723524
2025-10-06 00:00:00;-0,005154522;0,006332283;0,021687617;-0,011086245
2025-10-07 00:00:00;-0,000818183;0,003983725;-0,00868389;-0,002694804
2025-10-08 00:00:00;0,006160279;0,015510878;0,001660325;0,021995225
2025-10-09 00:00:00;-0,015577804;0,011189078;-0,004667863;0,018296257
2025-10-10 00:00:00;-0,034522048;-0,049925398;-0,021899001;-0,048865343
2025-10-13 00:00:00;0,009744415;0,017100394;0,006047507;0,02817212
2025-10-14 00:00:00;0,000444119;-0,016721988;-0,000933901;-0,044020912
2025-10-15 00:00:00;0,006336444;-0,003789418;-0,000272503;-0,001110862
2025-10-16 00:00:00;-0,007579974;-0,005102779;-0,003544821;0,011010396
2025-10-17 00:00:00;0,019559483;-0,006667636;0,003850667;0,007755381
2025-10-20 00:00:00;0,039438768;0,016147214;0,006250105;-0,003165618
2025-10-21 00:00:00;0,002021044;0,025637487;0,001683544;-0,008103404
2025-10-22 00:00:00;-0,016440186;-0,018375903;0,005563383;-0,004857555
2025-10-23 00:00:00;0,004372056;0,014406971;3,85847E-05;0,01042821
2025-10-24 00:00:00;0,012481844;0,014111947;0,005858991;0,022507594
2025-10-27 00:00:00;0,022791312;0,012309863;0,015106801;0,028079143
2025-10-28 00:00:00;0,000706778;0,010045375;0,019848574;0,049819849
2025-10-29 00:00:00;0,002602243;0,004580166;-0,000959279;0,029896026
2025-10-30 00:00:00;0,006303249;-0,032305698;-0,029157024;-0,020044469
2025-10-31 00:00:00;-0,003795044;0,095844928;-0,01512096;-0,001971472
2025-11-03 00:00:00;-0,004882341;0,040045855;-0,001506333;0,021680048
2025-11-04 00:00:00;0,00367975;-0,018425168;-0,005222027;-0,039588174
2025-11-05 00:00:00;0,000370366;0,003529559;-0,013940587;-0,017514626
2025-11-06 00:00:00;-0,001369778;-0,028617121;-0,01983592;-0,036524814
2025-11-07 00:00:00;-0,004818894;0,005636975;-0,000563249;0,000372181
2025-11-10 00:00:00;0,004548695;0,016324987;0,018477509;0,057932501
2025-11-11 00:00:00;0,021601147;0,002818085;0,005296408;-0,02959058
2025-11-12 00:00:00;-0,006466862;-0,019670851;0,004836108;0,00331336
2025-11-13 00:00:00;-0,001901403;-0,027108907;-0,01535789;-0,035810198
2025-11-14 00:00:00;-0,001978507;-0,012164321;0,013690003;0,017713851
2025-11-17 00:00:00;-0,018171162;-0,007754942;-0,005272698;-0,01877269
2025-11-18 00:00:00;-7,46467E-05;-0,044316538;-0,026995584;-0,028081463
2025-11-19 00:00:00;0,004187729;0,000629069;-0,013507762;0,028451645
2025-11-20 00:00:00;-0,00860135;-0,024922551;-0,01600133;-0,031524741
2025-11-21 00:00:00;0,019680647;0,016348913;-0,013189012;-0,009743077
2025-11-24 00:00:00;0,016317469;0,025329631;0,003982122;0,020516571
2025-11-25 00:00:00;0,003805496;0,014981436;0,006307891;-0,025910771
2025-11-26 00:00:00;0,002093958;-0,002220553;0,017841087;0,013721717
2025-11-28 00:00:00;0,004683907;0,017716868;0,013408925;-0,018084997
2025-12-01 00:00:00;0,015241197;0,002829962;-0,010711242;0,016497253
2025-12-02 00:00:00;0,010914833;0,002308848;0,00669768;0,008559329
2025-12-03 00:00:00;-0,007128158;-0,008702301;-0,025040829;-0,010305313
2025-12-04 00:00:00;-0,01214148;-0,014071797;0,006509911;0,021160543
2025-12-05 00:00:00;-0,006840055;0,001833173;0,004824908;-0,005289606
2025-12-08 00:00:00;-0,003192434;-0,011501762;0,016267929;0,017213976
2025-12-09 00:00:00;-0,002555063;0,004539639;0,002036532;-0,003125857
2025-12-10 00:00:00;0,00577247;0,01693577;-0,027356623;-0,006433507
2025-12-11 00:00:00;-0,002690247;-0,006471654;0,010259975;-0,015507715
2025-12-12 00:00:00;0,000899205;-0,017760971;-0,010217785;-0,032664501
2025-12-15 00:00:00;-0,014984999;-0,016136916;-0,007752891;0,007256295
2025-12-16 00:00:00;0,001824128;8,98907E-05;0,003306537;0,008111686
2025-12-17 00:00:00;-0,010087029;-0,00579616;-0,000566818;-0,038149895
2025-12-18 00:00:00;0,001287575;0,024811272;0,01650847;0,018719942
2025-12-19 00:00:00;0,005437411;0,002601921;0,004008425;0,039336229
2025-12-22 00:00:00;-0,009865949;0,004750326;-0,002057906;0,014917898
2025-12-23 00:00:00;0,005129713;0,016241329;0,003980047;0,030050701
2025-12-24 00:00:00;0,005323781;0,001033883;0,002403104;-0,003171122
2025-12-26 00:00:00;-0,001497393;0,000602459;-0,000635154;0,010179711
2025-12-29 00:00:00;0,001316908;-0,001935304;-0,001250752;-0,012124078
2025-12-30 00:00:00;-0,002484048;0,001982124;0,00078015;-0,003612788
2025-12-31 00:00:00;-0,004467575;-0,007353853;-0,007918292;-0,005545423
2026-01-02 00:00:00;-0,003126593;-0,018715914;-0,022083475;0,012600514
2026-01-05 00:00:00;-0,013837114;0,028962462;-0,000190296;-0,003865527
2026-01-06 00:00:00;-0,01833427;0,033768108;0,011969995;-0,00467782
2026-01-07 00:00:00;-0,007737498;0,002614888;0,010365464;0,009987126
2026-01-08 00:00:00;-0,004955093;0,019581039;-0,011086534;-0,021521859
2026-01-09 00:00:00;0,001273889;0,004425724;0,002447162;-0,000972776
2026-01-12 00:00:00;0,003392911;-0,003678566;-0,004381591;0,000432793
2026-01-13 00:00:00;0,003073875;-0,015701688;-0,013642592;0,004704209
2026-01-14 00:00:00;-0,004175459;-0,024526018;-0,023987047;-0,014369546
2026-01-15 00:00:00;-0,006731845;0,006465239;-0,005921037;0,02134988
2026-01-16 00:00:00;-0,010379045;0,003946605;0,007007354;-0,004383968
2026-01-20 00:00:00;-0,034555644;-0,033957826;-0,011612274;-0,043816721
2026-01-21 00:00:00;0,003850847;0,001341981;-0,022903315;0,029482841
2026-01-22 00:00:00;0,002826562;0,013099299;0,0158295;0,008291401
2026-01-23 00:00:00;-0,00124827;0,020568436;0,032827912;0,015310553
2026-01-26 00:00:00;0,029712974;-0,003094186;0,009292817;-0,006394126
2026-01-27 00:00:00;0,01119754;0,026256164;0,02190191;0,010993682
2026-01-28 00:00:00;-0,007085403;-0,006825234;0,002184805;0,015913483
2026-01-29 00:00:00;0,007175071;-0,005267268;-0,099931448;0,005169083
2026-01-30 00:00:00;0,004646158;-0,010052508;-0,007404849;-0,007168397
2026-02-02 00:00:00;0,04058126;0,015294624;-0,01608216;-0,028880855
2026-02-03 00:00:00;-0,001962909;-0,01786307;-0,028721972;-0,028392946
2026-02-04 00:00:00;0,026012866;-0,023593956;0,007247002;-0,034102203
2026-02-05 00:00:00;-0,002097593;-0,044207918;-0,049542533;-0,013261384
2026-02-06 00:00:00;0,008009749;-0,055548049;0,018975305;0,078717702
2026-02-09 00:00:00;-0,011660484;-0,007607484;0,031061465;0,024971663
2026-02-10 00:00:00;-0,00342296;-0,008432323;-0,00079791;-0,007893101
2026-02-11 00:00:00;0,006650118;-0,013915756;-0,021535616;0,008008992
2026-02-12 00:00:00;-0,049981739;-0,021952154;-0,00625661;-0,01636412
2026-02-13 00:00:00;-0,02273345;-0,00405818;-0,001293985;-0,022092647
2026-02-17 00:00:00;0,031667901;0,011871828;-0,011113376;0,011815538
2026-02-18 00:00:00;0,001781138;0,018095946;0,006904178;0,016272853
2026-02-19 00:00:00;-0,014261551;0,000341849;-0,000576862;-0,000425529
2026-02-20 00:00:00;0,01535045;0,025627258;-0,003086844;0,010218257
2026-02-23 00:00:00;0,006047258;-0,023035535;-0,032122521;0,009113885
2026-02-24 00:00:00;0,022391036;0,016027638;0,011782515;0,006786724
2026-02-25 00:00:00;0,007679861;0,009973158;0,029820026;0,014052297
2026-02-26 00:00:00;-0,004667678;-0,012913033;0,002795818;-0,054561241
2026-02-27 00:00:00;-0,032130444;0,010003857;-0,022353902;-0,041646312
2026-03-02 00:00:00;0,002044011;-0,00766667;0,014793454;0,029854898
2026-03-03 00:00:00;-0,003664168;0,001631539;0,013498947;-0,01331654
2026-03-04 00:00:00;-0,00466356;0,038758261;0,003144153;0,016606496
2026-03-05 00:00:00;-0,008494547;0,009777673;0,013524144;0,001639008
2026-03-06 00:00:00;-0,010872596;-0,026171534;-0,004188165;-0,030107984
2026-03-09 00:00:00;0,00939957;0,001313253;0,001100372;0,027162234
2026-03-10 00:00:00;0,00365554;0,003934593;-0,008915215;0,011606999
2026-03-11 00:00:00;-7,67068E-05;-0,007838417;-0,002168806;0,006873722
2026-03-12 00:00:00;-0,019362746;-0,014671974;-0,007459039;-0,015535126
2026-03-13 00:00:00;-0,022051876;-0,008877013;-0,01570197;-0,015780274
2026-03-16 00:00:00;0,01079486;0,019598437;0,011123783;0,016477122
2026-03-17 00:00:00;0,005577048;0,016340755;-0,001350209;-0,007040763
2026-03-18 00:00:00;-0,016874445;-0,024767667;-0,019078101;-0,008409822
2026-03-19 00:00:00;-0,003920931;-0,005288991;-0,007070177;-0,010199537
2026-03-20 00:00:00;-0,003896245;-0,016238741;-0,018379452;-0,032818104
2026-03-23 00:00:00;0,01411348;0,023226393;0,002959137;0,017023755
2026-03-24 00:00:00;0,000596424;-0,013800295;-0,026788584;-0,002505138
2026-03-25 00:00:00;0,003894443;0,0215692;-0,004560721;0,01986299
2026-03-26 00:00:00;0,001068833;-0,019696818;-0,013664318;-0,041638614
2026-03-27 00:00:00;-0,016173069;-0,039510442;-0,025138749;-0,021723903
2026-03-30 00:00:00;-0,008721852;0,008076656;0,006138424;-0,014028212
2026-03-31 00:00:00;0,02903129;0,036427009;0,031229158;0,055881793
2026-04-01 00:00:00;0,007250135;0,011043372;-0,00216119;0,007740861
2026-04-02 00:00:00;0,001134455;-0,003799226;0,011072869;0,009331433
2026-04-06 00:00:00;0,011487876;0,014396668;-0,001553015;0,001409324
2026-04-07 00:00:00;-0,020706079;0,004605531;-0,001582251;0,002589545
2026-04-08 00:00:00;0,021301736;0,034990857;0,005479579;0,022346971
2026-04-09 00:00:00;0,006141348;0,05604517;-0,003365977;0,010050537
2026-04-10 00:00:00;-3,83448E-05;0,020244002;-0,005897033;0,025664733
2026-04-13 00:00:00;-0,004913954;0,006334401;0,036400898;0,003604902
2026-04-14 00:00:00;-0,001427587;0,038059131;0,022738477;0,038032841
2026-04-15 00:00:00;0,029362955;-0,002088203;0,046068534;0,01200957
2026-04-16 00:00:00;-0,011372634;0,004828962;0,021983402;-0,002614718
2026-04-17 00:00:00;0,025930212;0,003444135;0,006020092;0,016788437
2026-04-20 00:00:00;0,010435475;-0,009099612;-0,011163956;0,001884197
2026-04-21 00:00:00;-0,025196704;0,006565188;0,01456695;-0,010788838
2026-04-22 00:00:00;0,026298995;0,021807838;0,020652561;0,01310784
2026-04-23 00:00:00;0,000951694;-0,001096486;-0,039660935;-0,01412346
2026-04-24 00:00:00;-0,008667703;0,034930172;0,021334937;0,043227835
2026-04-27 00:00:00;-0,012727862;-0,010871606;0,00047105;0,040044155
2026-04-28 00:00:00;0,011584103;-0,005438047;0,010427909;-0,015881088
2026-04-29 00:00:00;-0,001994706;0,012860979;-0,011159034;-0,018389071
2026-04-30 00:00:00;0,00436766;0,007679398;-0,03929692;-0,046260419
2026-05-01 00:00:00;0,032393518;0,012072784;0,016332319;-0,005612118
2026-05-04 00:00:00;-0,011815603;0,014128002;-0,001978596;0,000151165
2026-05-05 00:00:00;0,026550691;0,005513693;-0,005415548;-0,009975795
2026-05-06 00:00:00;0,011717925;0,005264129;0,006271519;0,057659042
2026-05-07 00:00:00;-0,000243507;-0,01389133;0,016450879;0,017658654
2026-05-08 00:00:00;0,020456498;0,005568386;-0,013427758;0,017494075
2026-05-11 00:00:00;-0,001262671;-0,013532355;-0,005925992;0,019702628
2026-05-12 00:00:00;0,007243389;-0,011784762;-0,011850007;0,006106436
2026-05-13 00:00:00;0,013805996;0,01621397;-0,00627799;0,022873463
2026-05-14 00:00:00;-0,00220833;-0,010772604;0,010414345;0,043882582
2026-05-15 00:00:00;0,006773816;-0,011526033;0,03050584;-0,04420123
2026-05-18 00:00:00;-0,007960612;0,002725716;0,003839631;-0,013314397
2026-05-19 00:00:00;0,003794;-0,020841159;-0,014449656;-0,007691646
2026-05-20 00:00:00;0,010970996;0,021863243;0,008720179;0,012964057
2026-05-21 00:00:00;0,009065311;0,013018307;-0,002522903;-0,017720529
2026-05-22 00:00:00;0,012557845;-0,007971334;-0,001240757;-0,01904238
2026-05-26 00:00:00;-0,001586752;-0,003867523;-0,0060683;-0,002182702
